{
    "text": "In this paper describes an approach called Conditional Generative Moment Matching Networks (CGMMNs) which focuses on learning conditional distributions by utilizing a condition based maximum mean discrepancy (CMMD). The authors have expanded the functionality of Generative Moment Matching Networks (GMNNs) enabling them to tackle practical challenges such as predictive modeling and contextual generation in addition, to leveraging Bayesian dark knowledge. \nThe article is nicely written with a explained introduction by the authors, about the background and purpose of their work The technical parts are also neatly structured with a detailed explanation of the CMMD criterion and the CGMM architecture. \nThe papers advantages are as follows; \nThe writers introduce an adaptable structure, for understanding conditional distributions that can be utilized across different assignments. \nThe CMMD criterion is well founded. Offers a straightforward and effective method, for understanding the conditional distribution. \nThe writers extensively assess the suggested approach across a range of tasks such as modeling and contextual generation with expertise, in Bayesian dark knowledge. \nThe findings show that CGMMNs perform well in comparison, to the methods available. \nThe paper has some limitations such, as; \nThe paper presumes that readers have an understanding of deep learning and kernel methods; this might pose a challenge for those who are not experts, in the field to grasp the content easily. \nThe writers may offer insight and clarification regarding why they selected the CMMD criterion and the CGMM architecture. \nIn cases the outcomes from experiments, like creating images could benefit from a more thorough assessment and review process. \nThe paper is nicely. The authors have made a valuable contribution to the realm of deep learning and conditional modeling with their CGMM framework.It has the potential, for applications and offers a versatile and effective means of understanding conditional distributions. \nReasons supporting approval; \nThe article introduces an adaptable approach, for understanding conditional distributions. \nThe CMMD principle is well founded. Offers a straightforward and effective method, for understanding the conditional distribution. \nThe authors thoroughly assess the proposed approach, across tasks. \nThe findings show that CGMMNs perform well in comparison, to the techniques available. \nReasons to not agree with it; \nThe paper expects readers to have an understanding of deep learning and kernel methods. \nThe writers may consider offering insight and clarification on why they opted for the CMMD criterion and the CGMM architecture. \nSome of the trial outcomes could benefit from an examination and assessment. \nRating received is 8, out of 10.\nSuggestion for approval with adjustments needed from the authors include offering greater insight and clarification regarding the selection of the CMMD criteria and CGMM architecture as well as enhancing certain experimental findings through, in depth analysis and assessment. ",
    "ai_likelihood": 0.1778548409208089,
    "avg_ai_likelihood": 0.1778548409208089,
    "max_ai_likelihood": 0.3138563368055556,
    "prediction": "Uncertain: Possibly mixed content or heavily prompted AI outputs",
    "fraction_ai_content": 0.0,
    "llm_prediction": {
        "GPT35": 0,
        "GPT4": 0,
        "CLAUDE": 0,
        "GOOGLE": 0,
        "OPENAI_O_SERIES": 0,
        "DEEPSEEK": 0,
        "GROK": 0,
        "NOVA": 0,
        "OTHER": 0,
        "HUMAN": 0
    },
    "windows": [
        {
            "text": "In this paper describes an approach called Conditional Generative Moment Matching Networks (CGMMNs) which focuses on learning conditional distributions by utilizing a condition based maximum mean discrepancy (CMMD). The authors have expanded the functionality of Generative Moment Matching Networks (GMNNs) enabling them to tackle practical challenges such as predictive modeling and contextual generation in addition, to leveraging Bayesian dark knowledge. \nThe article is nicely written with a explained introduction by the authors, about the background and purpose of their work The technical parts are also neatly structured with a detailed explanation of the CMMD criterion and the CGMM architecture. \nThe papers advantages are as follows; \nThe writers introduce an adaptable structure, for understanding conditional distributions that can be utilized across different assignments. \nThe CMMD criterion is well founded. Offers a straightforward and effective method, for understanding the conditional distribution. \nThe writers extensively assess the suggested approach across a range of tasks such as modeling and contextual generation with expertise, in Bayesian dark knowledge. \nThe findings show that CGMMNs perform well in comparison, to the methods available. \nThe paper has some limitations such, as; \nThe paper presumes that readers have an understanding of deep learning and kernel methods; this might pose a challenge for those who are not experts, in the field to grasp the content easily. \nThe writers may offer insight and clarification regarding why they selected the CMMD criterion and the CGMM architecture. \nIn cases the outcomes from experiments, like creating images could benefit from a more thorough assessment and review process. \nThe paper is nicely. The authors have made a valuable contribution to the realm of deep learning and conditional modeling with their CGMM framework.It has the potential, for applications and offers a versatile and effective means of understanding conditional distributions. \nReasons supporting approval; \nThe article introduces an adaptable approach, for understanding conditional distributions. \nThe CMMD principle is well founded. Offers a straightforward and effective method, for understanding the conditional distribution. \nThe authors thoroughly assess the proposed approach, across tasks. \nThe findings show that CGMMNs perform well in comparison, to the techniques available. \nReasons to not agree with it; \nThe paper expects readers to have an understanding of deep learning and kernel methods. \nThe writers may consider offering insight and clarification on why they opted for the CMMD criterion and the CGMM architecture. \n",
            "ai_likelihood": 0.3138563368055556,
            "prediction": "Possibly AI",
            "llm_prediction": {
                "GPT35": 0.0,
                "GPT4": 0.0,
                "CLAUDE": 0.0,
                "GOOGLE": 0.0,
                "OPENAI_O_SERIES": 0.0,
                "DEEPSEEK": 0.0,
                "GROK": 0.0,
                "NOVA": 0.0,
                "OTHER": 0.0,
                "HUMAN": 0.0
            },
            "metadata": {
                "request_id": "939dd483-c14b-42ac-be3f-69456ff006ff"
            },
            "start_index": 0,
            "end_index": 2691
        },
        {
            "text": "The writers extensively assess the suggested approach across a range of tasks such as modeling and contextual generation with expertise, in Bayesian dark knowledge. \nThe findings show that CGMMNs perform well in comparison, to the methods available. \nThe paper has some limitations such, as; \nThe paper presumes that readers have an understanding of deep learning and kernel methods; this might pose a challenge for those who are not experts, in the field to grasp the content easily. \nThe writers may offer insight and clarification regarding why they selected the CMMD criterion and the CGMM architecture. \nIn cases the outcomes from experiments, like creating images could benefit from a more thorough assessment and review process. \nThe paper is nicely. The authors have made a valuable contribution to the realm of deep learning and conditional modeling with their CGMM framework.It has the potential, for applications and offers a versatile and effective means of understanding conditional distributions. \nReasons supporting approval; \nThe article introduces an adaptable approach, for understanding conditional distributions. \nThe CMMD principle is well founded. Offers a straightforward and effective method, for understanding the conditional distribution. \nThe authors thoroughly assess the proposed approach, across tasks. \nThe findings show that CGMMNs perform well in comparison, to the techniques available. \nReasons to not agree with it; \nThe paper expects readers to have an understanding of deep learning and kernel methods. \nThe writers may consider offering insight and clarification on why they opted for the CMMD criterion and the CGMM architecture. \nSome of the trial outcomes could benefit from an examination and assessment. \nRating received is 8, out of 10.\nSuggestion for approval with adjustments needed from the authors include offering greater insight and clarification regarding the selection of the CMMD criteria and CGMM architecture as well as enhancing certain experimental findings through, in depth analysis and assessment. ",
            "ai_likelihood": 0.0036896599663628475,
            "prediction": "Unlikely AI",
            "llm_prediction": {
                "GPT35": 0.0,
                "GPT4": 0.0,
                "CLAUDE": 0.0,
                "GOOGLE": 0.0,
                "OPENAI_O_SERIES": 0.0,
                "DEEPSEEK": 0.0,
                "GROK": 0.0,
                "NOVA": 0.0,
                "OTHER": 0.0,
                "HUMAN": 0.0
            },
            "metadata": {
                "request_id": "939dd483-c14b-42ac-be3f-69456ff006ff"
            },
            "start_index": 1020,
            "end_index": 3079
        }
    ],
    "window_likelihoods": [
        0.3138563368055556,
        0.0036896599663628475
    ],
    "window_indices": [
        [
            0,
            2691
        ],
        [
            1020,
            3079
        ]
    ],
    "max_chunk_length": 200,
    "min_chunk_length": 160,
    "num_chunks_per_window": 3,
    "metadata": {
        "request_id": "939dd483-c14b-42ac-be3f-69456ff006ff"
    }
}