{
    "text": "This study introduces an algorithm named Stochastic Gradient Richardson Romberg Langevin Dynamics (SGRRLD) as part of the Stochastic Gradient Markov Chain Monte Carlo (SG MCMC). The goal is to minimize bias in SG MCMC techniques while maintaining an acceptable level of variance by employing the Richardson Romberg extrapolation method that runs two chains simultaneously with varying step sizes. The writers offer a theoretical examination of SGRRLDs that covers its long term accuracy guarantee and statistical properties like the central limit theorem and error bounds, for bias and mean squared errors. \nThe authors have done a job in writing the paper and offering a thorough explanation of the new algorithm along with its theoretical analysis.The tests conducted on both real data show that SGRRLDis successful, in mitigating bias and enhancing convergence rates when compared with current SG MCMC techniques. \nThe papers advantages are as follows; \nA new SG MCMC algorithm has been suggested to tackle the bias problem found in methods.\nAfter examining the algorithms theoretical aspects and considering both its long term and short term characteristics.\nI'm sharing some tests we did on both real data to show how well the algorithm works.\nThe paper has a shortcomings, such, as; \nRunning two chains simultaneously could lead to computational expenses, for the algorithm.\nIn real world scenarios adjusting the step sizes and mini batch sizes might need calibration.\nThe article would be improved with exploration of how the suggested algorithm could be used and its constraints.\nReasons supporting approval; \nThe article introduces an theoretically sound approach to tackling a major problem, in SG MCMC techniques.\nThe tests showed that the algorithm works well in reducing bias and speeding up convergence rates.\nThe article is nicely. Offers a thorough and coherent description of the suggested algorithm along, with its theoretical examination.\nReasons to oppose it; \nThe algorithm might cost more in terms of computation compared to methods because it requires running two chains simultaneously. \nThe paper would be improved by including elaboration, on the possible uses and constraints of the suggested algorithm. \nIn real world situations adjusting step sizes and mini batch sizes may need attention to detail which could pose challenges, in certain cases. \nI suggest approving the paper because it introduces an well founded algorithm that tackles a major problem, in SG MCMC methods and shows its effectiveness through experimental tests. Though I recommend the authors to delve into discussing the possible uses and constraints of the algorithm and find ways to lower computational expenses and enhance its usability. ",
    "ai_likelihood": 0.98046875,
    "avg_ai_likelihood": 0.98046875,
    "max_ai_likelihood": 0.98046875,
    "prediction": "Highly Likely AI",
    "fraction_ai_content": 1.0,
    "llm_prediction": {
        "GPT35": 0.4878841059677662,
        "GPT4": 0.04053491571103563,
        "CLAUDE": 0.008706765592298882,
        "GOOGLE": 0.3682328487484442,
        "OPENAI_O_SERIES": 0.0002009051821733076,
        "DEEPSEEK": 6.796199040877468e-06,
        "GROK": 9.121214502230287e-06,
        "NOVA": 1.6036645105228412e-05,
        "OTHER": 0.07539250136013405,
        "HUMAN": 0.019016003379499397
    },
    "windows": [
        {
            "text": "This study introduces an algorithm named Stochastic Gradient Richardson Romberg Langevin Dynamics (SGRRLD) as part of the Stochastic Gradient Markov Chain Monte Carlo (SG MCMC). The goal is to minimize bias in SG MCMC techniques while maintaining an acceptable level of variance by employing the Richardson Romberg extrapolation method that runs two chains simultaneously with varying step sizes. The writers offer a theoretical examination of SGRRLDs that covers its long term accuracy guarantee and statistical properties like the central limit theorem and error bounds, for bias and mean squared errors. \nThe authors have done a job in writing the paper and offering a thorough explanation of the new algorithm along with its theoretical analysis.The tests conducted on both real data show that SGRRLDis successful, in mitigating bias and enhancing convergence rates when compared with current SG MCMC techniques. \nThe papers advantages are as follows; \nA new SG MCMC algorithm has been suggested to tackle the bias problem found in methods.\nAfter examining the algorithms theoretical aspects and considering both its long term and short term characteristics.\nI'm sharing some tests we did on both real data to show how well the algorithm works.\nThe paper has a shortcomings, such, as; \nRunning two chains simultaneously could lead to computational expenses, for the algorithm.\nIn real world scenarios adjusting the step sizes and mini batch sizes might need calibration.\nThe article would be improved with exploration of how the suggested algorithm could be used and its constraints.\nReasons supporting approval; \nThe article introduces an theoretically sound approach to tackling a major problem, in SG MCMC techniques.\nThe tests showed that the algorithm works well in reducing bias and speeding up convergence rates.\nThe article is nicely. Offers a thorough and coherent description of the suggested algorithm along, with its theoretical examination.\nReasons to oppose it; \nThe algorithm might cost more in terms of computation compared to methods because it requires running two chains simultaneously. \nThe paper would be improved by including elaboration, on the possible uses and constraints of the suggested algorithm. \nIn real world situations adjusting step sizes and mini batch sizes may need attention to detail which could pose challenges, in certain cases. \nI suggest approving the paper because it introduces an well founded algorithm that tackles a major problem, in SG MCMC methods and shows its effectiveness through experimental tests. Though I recommend the authors to delve into discussing the possible uses and constraints of the algorithm and find ways to lower computational expenses and enhance its usability. ",
            "ai_likelihood": 0.98046875,
            "prediction": "Highly Likely AI",
            "llm_prediction": {
                "GPT35": 0.48779296875,
                "GPT4": 0.04052734375,
                "CLAUDE": 0.00870513916015625,
                "GOOGLE": 0.3681640625,
                "OPENAI_O_SERIES": 0.0002008676528930664,
                "DEEPSEEK": 6.794929504394531e-06,
                "GROK": 9.119510650634766e-06,
                "NOVA": 1.6033649444580078e-05,
                "OTHER": 0.07537841796875,
                "HUMAN": 0.019012451171875
            },
            "metadata": {
                "request_id": "033f4f0f-4590-4651-829e-be9202b74315"
            },
            "start_index": 0,
            "end_index": 2738
        }
    ],
    "window_likelihoods": [
        0.98046875
    ],
    "window_indices": [
        [
            0,
            2738
        ]
    ],
    "max_chunk_length": 200,
    "min_chunk_length": 160,
    "num_chunks_per_window": 3,
    "metadata": {
        "request_id": "033f4f0f-4590-4651-829e-be9202b74315"
    }
}