{
    "text": "This research paper introduces an approach called Bounding Divergences with Reverse Annealing (BREAD) which aims to assess the precision of Markov chain Monte Carlo (MCMC) based algorithms for posterior inference.It expands upon the bidirectional Monte Carlo (BDMC method to set limits on the KL divergence, between the actual posterior distribution and the distribution of estimated samples.The authors showcase BREADs effectiveness by incorporating it into two programming languages. WebPPL and Stan. And testing it across various models and datasets. \nThe paper is nicely crafted with an succinct introduction, to the background and purpose of the research work presented by the authors.It highlights technical contributions and offers a comprehensive evaluation of the methods strengths and weaknesses.The experiments are thoughtfully planned out. Effectively showcase how BREAD can assess the accuracy of posterior inference algorithms. \nThe study discusses research conducted in NIPS and other places that focuses on probabilistic inference and MCMC techniques The writers reference pertinent studies and offer a coherent explanation of how their work expands on and advances current research efforts. \nThe papers advantages are; \nA new approach has been introduced to assess the precision of Markov Chain Monte Carlo (MCMC) techniques, for inference.\nA detailed examination of the approach with discussions, on its advantages and constraints.\nThe display of BREADs efficacy, via crafted experiments.\nUsing BREAD in two programming languages such, as Web PPL and Stan. \nThe papers shortcomings are as follows; \nThe technique is only applicable to kinds of MCMC algorithms, like annealed importance sampling (Aiis and sequential Monte Carlo (SMC). \nGetting a posterior sample can be tricky to get in real world scenarios.\nThe paper would be improved by delving into the potential uses and consequences of BREAD.\nReasons to consider approving; \nThe study introduces an important addition, to the realm of probabilistic reasoning.\nThe technique shows promise, for use and practical utility.\nThe studies have been carefully. Show how well BREAD works.\nThe article is nicely crafted, offering an lucid overview of the background and rationale, behind the study.\nReasons to hesitate; \nThe approach is restricted to kinds of MCMC algorithms.\nSecuring a posterior sample can pose challenges, in real world application.\nThe paper would be enhanced by delving into exploring the potential uses and impact of BREAD.\nIn my opinion the paper makes an addition, to the field of probabilistic inference and it seems like it could be applied widely and prove useful in real world scenarios.I suggest approving it for publication.  \nQuality I'd say it's a solid 9, out of 10.\nThe paper seems solid, from a perspective and the authors have delved deep into the method with a comprehensive analysis. The experiments are well planned. The results are presented clearly. \nYour text is quite clear scoring a 9 out of 10.\nThe paper is nicely written with an concise introduction by the authors about the background and motivation, behind their work. \nSure thing! Here is a paraphrased version of the given input; Level of uniqueness rating stands at 8 out of 10.\nThe research paper introduces an approach, to assessing the precision of MCMC driven posterior inference methods which adds to prior studies and delivers a noteworthy advancement in the domain. \nImportance Rating, on a Scale of 1 to 10 is 9.\nThe essay shows promise for application and practical utility.The approach has the capability to assess the precision of inference techniques across various domains such, as machine learning,stastistics and engineering. ",
    "ai_likelihood": 0.018465493749007002,
    "avg_ai_likelihood": 0.018465493749007002,
    "max_ai_likelihood": 0.047200520833333336,
    "prediction": "Fully human-written",
    "fraction_ai_content": 0.0,
    "llm_prediction": {
        "GPT35": 0,
        "GPT4": 0,
        "CLAUDE": 0,
        "GOOGLE": 0,
        "OPENAI_O_SERIES": 0,
        "DEEPSEEK": 0,
        "GROK": 0,
        "NOVA": 0,
        "OTHER": 0,
        "HUMAN": 0
    },
    "windows": [
        {
            "text": "This research paper introduces an approach called Bounding Divergences with Reverse Annealing (BREAD) which aims to assess the precision of Markov chain Monte Carlo (MCMC) based algorithms for posterior inference.It expands upon the bidirectional Monte Carlo (BDMC method to set limits on the KL divergence, between the actual posterior distribution and the distribution of estimated samples.The authors showcase BREADs effectiveness by incorporating it into two programming languages. WebPPL and Stan. And testing it across various models and datasets. \nThe paper is nicely crafted with an succinct introduction, to the background and purpose of the research work presented by the authors.It highlights technical contributions and offers a comprehensive evaluation of the methods strengths and weaknesses.The experiments are thoughtfully planned out. Effectively showcase how BREAD can assess the accuracy of posterior inference algorithms. \nThe study discusses research conducted in NIPS and other places that focuses on probabilistic inference and MCMC techniques The writers reference pertinent studies and offer a coherent explanation of how their work expands on and advances current research efforts. \nThe papers advantages are; \nA new approach has been introduced to assess the precision of Markov Chain Monte Carlo (MCMC) techniques, for inference.\nA detailed examination of the approach with discussions, on its advantages and constraints.\nThe display of BREADs efficacy, via crafted experiments.\nUsing BREAD in two programming languages such, as Web PPL and Stan. \nThe papers shortcomings are as follows; \nThe technique is only applicable to kinds of MCMC algorithms, like annealed importance sampling (Aiis and sequential Monte Carlo (SMC). \nGetting a posterior sample can be tricky to get in real world scenarios.\nThe paper would be improved by delving into the potential uses and consequences of BREAD.\nReasons to consider approving; \nThe study introduces an important addition, to the realm of probabilistic reasoning.\nThe technique shows promise, for use and practical utility.\nThe studies have been carefully. Show how well BREAD works.\nThe article is nicely crafted, offering an lucid overview of the background and rationale, behind the study.\nReasons to hesitate; \nThe approach is restricted to kinds of MCMC algorithms.\nSecuring a posterior sample can pose challenges, in real world application.\nThe paper would be enhanced by delving into exploring the potential uses and impact of BREAD.\nIn my opinion the paper makes an addition, to the field of probabilistic inference and it seems like it could be applied",
            "ai_likelihood": 0.0002059671613905165,
            "prediction": "Unlikely AI",
            "llm_prediction": {
                "GPT35": 0.0,
                "GPT4": 0.0,
                "CLAUDE": 0.0,
                "GOOGLE": 0.0,
                "OPENAI_O_SERIES": 0.0,
                "DEEPSEEK": 0.0,
                "GROK": 0.0,
                "NOVA": 0.0,
                "OTHER": 0.0,
                "HUMAN": 0.0
            },
            "metadata": {
                "request_id": "d24e329f-dc3e-4ba0-80cb-81ee86e54dc1"
            },
            "start_index": 0,
            "end_index": 2631
        },
        {
            "text": "The study discusses research conducted in NIPS and other places that focuses on probabilistic inference and MCMC techniques The writers reference pertinent studies and offer a coherent explanation of how their work expands on and advances current research efforts. \nThe papers advantages are; \nA new approach has been introduced to assess the precision of Markov Chain Monte Carlo (MCMC) techniques, for inference.\nA detailed examination of the approach with discussions, on its advantages and constraints.\nThe display of BREADs efficacy, via crafted experiments.\nUsing BREAD in two programming languages such, as Web PPL and Stan. \nThe papers shortcomings are as follows; \nThe technique is only applicable to kinds of MCMC algorithms, like annealed importance sampling (Aiis and sequential Monte Carlo (SMC). \nGetting a posterior sample can be tricky to get in real world scenarios.\nThe paper would be improved by delving into the potential uses and consequences of BREAD.\nReasons to consider approving; \nThe study introduces an important addition, to the realm of probabilistic reasoning.\nThe technique shows promise, for use and practical utility.\nThe studies have been carefully. Show how well BREAD works.\nThe article is nicely crafted, offering an lucid overview of the background and rationale, behind the study.\nReasons to hesitate; \nThe approach is restricted to kinds of MCMC algorithms.\nSecuring a posterior sample can pose challenges, in real world application.\nThe paper would be enhanced by delving into exploring the potential uses and impact of BREAD.\nIn my opinion the paper makes an addition, to the field of probabilistic inference and it seems like it could be applied widely and prove useful in real world scenarios.I suggest approving it for publication.  \nQuality I'd say it's a solid 9, out of 10.\nThe paper seems solid, from a perspective and the authors have delved deep into the method with a comprehensive analysis. The experiments are well planned. The results are presented clearly. \nYour text is quite clear scoring a 9 out of 10.\nThe paper is nicely written with an concise introduction by the authors about the background and motivation, behind their work. \nSure thing! Here is a paraphrased version of the given input; Level of uniqueness rating stands at 8 out of 10.\nThe research paper introduces an approach, to assessing the precision of MCMC driven posterior inference methods which adds to prior studies and delivers a noteworthy advancement in the domain. \n",
            "ai_likelihood": 0.047200520833333336,
            "prediction": "Unlikely AI",
            "llm_prediction": {
                "GPT35": 0.0,
                "GPT4": 0.0,
                "CLAUDE": 0.0,
                "GOOGLE": 0.0,
                "OPENAI_O_SERIES": 0.0,
                "DEEPSEEK": 0.0,
                "GROK": 0.0,
                "NOVA": 0.0,
                "OTHER": 0.0,
                "HUMAN": 0.0
            },
            "metadata": {
                "request_id": "d24e329f-dc3e-4ba0-80cb-81ee86e54dc1"
            },
            "start_index": 943,
            "end_index": 3441
        },
        {
            "text": "The paper would be improved by delving into the potential uses and consequences of BREAD.\nReasons to consider approving; \nThe study introduces an important addition, to the realm of probabilistic reasoning.\nThe technique shows promise, for use and practical utility.\nThe studies have been carefully. Show how well BREAD works.\nThe article is nicely crafted, offering an lucid overview of the background and rationale, behind the study.\nReasons to hesitate; \nThe approach is restricted to kinds of MCMC algorithms.\nSecuring a posterior sample can pose challenges, in real world application.\nThe paper would be enhanced by delving into exploring the potential uses and impact of BREAD.\nIn my opinion the paper makes an addition, to the field of probabilistic inference and it seems like it could be applied widely and prove useful in real world scenarios.I suggest approving it for publication.  \nQuality I'd say it's a solid 9, out of 10.\nThe paper seems solid, from a perspective and the authors have delved deep into the method with a comprehensive analysis. The experiments are well planned. The results are presented clearly. \nYour text is quite clear scoring a 9 out of 10.\nThe paper is nicely written with an concise introduction by the authors about the background and motivation, behind their work. \nSure thing! Here is a paraphrased version of the given input; Level of uniqueness rating stands at 8 out of 10.\nThe research paper introduces an approach, to assessing the precision of MCMC driven posterior inference methods which adds to prior studies and delivers a noteworthy advancement in the domain. \nImportance Rating, on a Scale of 1 to 10 is 9.\nThe essay shows promise for application and practical utility.The approach has the capability to assess the precision of inference techniques across various domains such, as machine learning,stastistics and engineering. ",
            "ai_likelihood": 0.00457763671875,
            "prediction": "Unlikely AI",
            "llm_prediction": {
                "GPT35": 0.0,
                "GPT4": 0.0,
                "CLAUDE": 0.0,
                "GOOGLE": 0.0,
                "OPENAI_O_SERIES": 0.0,
                "DEEPSEEK": 0.0,
                "GROK": 0.0,
                "NOVA": 0.0,
                "OTHER": 0.0,
                "HUMAN": 0.0
            },
            "metadata": {
                "request_id": "d24e329f-dc3e-4ba0-80cb-81ee86e54dc1"
            },
            "start_index": 1827,
            "end_index": 3708
        }
    ],
    "window_likelihoods": [
        0.0002059671613905165,
        0.047200520833333336,
        0.00457763671875
    ],
    "window_indices": [
        [
            0,
            2631
        ],
        [
            943,
            3441
        ],
        [
            1827,
            3708
        ]
    ],
    "max_chunk_length": 200,
    "min_chunk_length": 160,
    "num_chunks_per_window": 3,
    "metadata": {
        "request_id": "d24e329f-dc3e-4ba0-80cb-81ee86e54dc1"
    }
}