{
    "text": "This paper introduces a method for training a supervised document distance metric known as the Supervised Word Movers Distance (S WMD). The S WMD enhances the existing Word Movers Distance (or WMD) integrating supervision into the distance calculation process.The WMD is a metric used for measuring the proximity, between two documents by utilizing word embeddings and determining the transportation cost of relocating all words from one document to another within the word embedding space. \nThe writers suggest that the WMDs effectiveness is constrained due its lack of supervision that doesn't consider the task or document labels involved in the process. In order overcome this restriction the S WMD adopts a transformation of word representations and a vector for word importance which adjusts the frequencies of words. The S WMD undergoes training with the aim of reducing errors, in stochastic leave one out nearest neighbor classification at an individual document level. \nThe article explains in depth the development of the S WMD method with a focus on the loss function calculation and optimization process outlined by the authors.They also introduce a streamlined approach, for estimating gradients by adapting a simplified version of the optimal transport problem reducing computational complexity significantly from O(q^\u200b \u200b 33log(q))\u200b \u200b \u200b  \u200b \u200b\u200bto O(q^\u200b \u200b 22).\nThe outcomes of the experiments illustrate how well the S WMD performs across eight real life text classification tasks compared with 26 benchmarks like unsupervised WMD and various methods for representing documents using supervised metric learning algorithms The findings indicate that the S WMD delivers top notch results on datasets and shows notable enhancements, over unsupervised WMD. \nThe article is nicely. The authors have given a lucid and succinct description of the suggested method along with the mathematical calculations and details of the algorithm provided in a clear manner.The results of the experiments are extensive and well explained with a comparison, to different baseline scenarios. \nAreas of expertise; \nThe article introduces a method, for developing a supervised document distance measure that overcomes the constraints of the unsupervised WMD technique. \nThe S WMD model is designed for reducing the classification error by considering the neighbor approach while evaluating document similarity metrics. \nThe document presents an explanation of the S WMD method which covers the calculation of loss function and gradients as well, as the optimization process. \nThe results from the experiment show how well the S WMD works in text classification tasks, in real world scenarios. \nAreas, for improvement; \nThe paper suggests that the word embeddings used are pre trained and not always constant, in real world scenarios. \nThe Spatial Weighted Mean Displacement (S WMD) consumes a level of computational resources when dealing with extensive datasets because of the intricate nature of the optimal transport dilemma. \nThe paper lacks an examination of the significance of the word importance weights learned and how they influence the distance metric, between documents. \nReasons to consider; \nThe paper suggests an efficient method, for training a supervised document distance metric. \nThe S WMD demonstrates performance, across various datasets and shows notable enhancements compared with the unsupervised WMD method. \nThe article thoroughly explains the development of the S WMD concept, by outlining the loss function calculation process and optimization algorithm. \nReasons, for not agreeing; \nThe paper suggests that the word embeddings used are pre trained and static; however this may not be the situation, in real world scenarios all the time. \nThe S WMD necessitates an investment in computational resources, for handling extensive datasets. \nThe paper lacks an examination of how the weights assigned to different words influence the measurement of document distance. \nIn my opinion I suggest approving this article since it presents an efficient method for understanding a supervised document distance measure showing notable enhancements over current best practices. Nevertheless the writers ought to tackle the downsides and drawbacks of the method such, as presuming trained word embeddings and the computational intricacy of the optimal transport issue. ",
    "ai_likelihood": 0.06281058011255179,
    "avg_ai_likelihood": 0.06281058011255179,
    "max_ai_likelihood": 0.19192165798611113,
    "prediction": "Fully human-written",
    "fraction_ai_content": 0.0,
    "llm_prediction": {
        "GPT35": 0,
        "GPT4": 0,
        "CLAUDE": 0,
        "GOOGLE": 0,
        "OPENAI_O_SERIES": 0,
        "DEEPSEEK": 0,
        "GROK": 0,
        "NOVA": 0,
        "OTHER": 0,
        "HUMAN": 0
    },
    "windows": [
        {
            "text": "This paper introduces a method for training a supervised document distance metric known as the Supervised Word Movers Distance (S WMD). The S WMD enhances the existing Word Movers Distance (or WMD) integrating supervision into the distance calculation process.The WMD is a metric used for measuring the proximity, between two documents by utilizing word embeddings and determining the transportation cost of relocating all words from one document to another within the word embedding space. \nThe writers suggest that the WMDs effectiveness is constrained due its lack of supervision that doesn't consider the task or document labels involved in the process. In order overcome this restriction the S WMD adopts a transformation of word representations and a vector for word importance which adjusts the frequencies of words. The S WMD undergoes training with the aim of reducing errors, in stochastic leave one out nearest neighbor classification at an individual document level. \nThe article explains in depth the development of the S WMD method with a focus on the loss function calculation and optimization process outlined by the authors.They also introduce a streamlined approach, for estimating gradients by adapting a simplified version of the optimal transport problem reducing computational complexity significantly from O(q^\u200b \u200b 33log(q))\u200b \u200b \u200b  \u200b \u200b\u200bto O(q^\u200b \u200b 22).\nThe outcomes of the experiments illustrate how well the S WMD performs across eight real life text classification tasks compared with 26 benchmarks like unsupervised WMD and various methods for representing documents using supervised metric learning algorithms The findings indicate that the S WMD delivers top notch results on datasets and shows notable enhancements, over unsupervised WMD. \nThe article is nicely. The authors have given a lucid and succinct description of the suggested method along with the mathematical calculations and details of the algorithm provided in a clear manner.The results of the experiments are extensive and well explained with a comparison, to different baseline scenarios. \nAreas of expertise; \nThe article introduces a method, for developing a supervised document distance measure that overcomes the constraints of the unsupervised WMD technique. \nThe S WMD model is designed for reducing the classification error by considering the neighbor approach while evaluating document similarity metrics. \nThe document presents an explanation of the S WMD method which covers the calculation of loss function and gradients as well, as the optimization process. \nThe results from the experiment show how well the S WMD works in text classification tasks, in real world scenarios. \n",
            "ai_likelihood": 4.460414250691732e-05,
            "prediction": "Unlikely AI",
            "llm_prediction": {
                "GPT35": 0.0,
                "GPT4": 0.0,
                "CLAUDE": 0.0,
                "GOOGLE": 0.0,
                "OPENAI_O_SERIES": 0.0,
                "DEEPSEEK": 0.0,
                "GROK": 0.0,
                "NOVA": 0.0,
                "OTHER": 0.0,
                "HUMAN": 0.0
            },
            "metadata": {
                "request_id": "d53295f6-ffa9-4d52-91bb-641c7545953c"
            },
            "start_index": 0,
            "end_index": 2682
        },
        {
            "text": "The article explains in depth the development of the S WMD method with a focus on the loss function calculation and optimization process outlined by the authors.They also introduce a streamlined approach, for estimating gradients by adapting a simplified version of the optimal transport problem reducing computational complexity significantly from O(q^\u200b \u200b 33log(q))\u200b \u200b \u200b  \u200b \u200b\u200bto O(q^\u200b \u200b 22).\nThe outcomes of the experiments illustrate how well the S WMD performs across eight real life text classification tasks compared with 26 benchmarks like unsupervised WMD and various methods for representing documents using supervised metric learning algorithms The findings indicate that the S WMD delivers top notch results on datasets and shows notable enhancements, over unsupervised WMD. \nThe article is nicely. The authors have given a lucid and succinct description of the suggested method along with the mathematical calculations and details of the algorithm provided in a clear manner.The results of the experiments are extensive and well explained with a comparison, to different baseline scenarios. \nAreas of expertise; \nThe article introduces a method, for developing a supervised document distance measure that overcomes the constraints of the unsupervised WMD technique. \nThe S WMD model is designed for reducing the classification error by considering the neighbor approach while evaluating document similarity metrics. \nThe document presents an explanation of the S WMD method which covers the calculation of loss function and gradients as well, as the optimization process. \nThe results from the experiment show how well the S WMD works in text classification tasks, in real world scenarios. \nAreas, for improvement; \nThe paper suggests that the word embeddings used are pre trained and not always constant, in real world scenarios. \nThe Spatial Weighted Mean Displacement (S WMD) consumes a level of computational resources when dealing with extensive datasets because of the intricate nature of the optimal transport dilemma. \nThe paper lacks an examination of the significance of the word importance weights learned and how they influence the distance metric, between documents. \nReasons to consider; \nThe paper suggests an efficient method, for training a supervised document distance metric. \nThe S WMD demonstrates performance, across various datasets and shows notable enhancements compared with the unsupervised WMD method. \nThe article thoroughly explains the development of the S WMD concept, by outlining the loss function calculation process and optimization algorithm. \n",
            "ai_likelihood": 5.19553820292155e-05,
            "prediction": "Unlikely AI",
            "llm_prediction": {
                "GPT35": 0.0,
                "GPT4": 0.0,
                "CLAUDE": 0.0,
                "GOOGLE": 0.0,
                "OPENAI_O_SERIES": 0.0,
                "DEEPSEEK": 0.0,
                "GROK": 0.0,
                "NOVA": 0.0,
                "OTHER": 0.0,
                "HUMAN": 0.0
            },
            "metadata": {
                "request_id": "d53295f6-ffa9-4d52-91bb-641c7545953c"
            },
            "start_index": 980,
            "end_index": 3572
        },
        {
            "text": "The authors have given a lucid and succinct description of the suggested method along with the mathematical calculations and details of the algorithm provided in a clear manner.The results of the experiments are extensive and well explained with a comparison, to different baseline scenarios. \nAreas of expertise; \nThe article introduces a method, for developing a supervised document distance measure that overcomes the constraints of the unsupervised WMD technique. \nThe S WMD model is designed for reducing the classification error by considering the neighbor approach while evaluating document similarity metrics. \nThe document presents an explanation of the S WMD method which covers the calculation of loss function and gradients as well, as the optimization process. \nThe results from the experiment show how well the S WMD works in text classification tasks, in real world scenarios. \nAreas, for improvement; \nThe paper suggests that the word embeddings used are pre trained and not always constant, in real world scenarios. \nThe Spatial Weighted Mean Displacement (S WMD) consumes a level of computational resources when dealing with extensive datasets because of the intricate nature of the optimal transport dilemma. \nThe paper lacks an examination of the significance of the word importance weights learned and how they influence the distance metric, between documents. \nReasons to consider; \nThe paper suggests an efficient method, for training a supervised document distance metric. \nThe S WMD demonstrates performance, across various datasets and shows notable enhancements compared with the unsupervised WMD method. \nThe article thoroughly explains the development of the S WMD concept, by outlining the loss function calculation process and optimization algorithm. \nReasons, for not agreeing; \nThe paper suggests that the word embeddings used are pre trained and static; however this may not be the situation, in real world scenarios all the time. \nThe S WMD necessitates an investment in computational resources, for handling extensive datasets. \nThe paper lacks an examination of how the weights assigned to different words influence the measurement of document distance. \nIn my opinion I suggest approving this article since it presents an efficient method for understanding a supervised document distance measure showing notable enhancements over current best practices. Nevertheless the writers ought to tackle the downsides and drawbacks of the method such, as presuming trained word embeddings and the computational intricacy of the optimal transport issue. ",
            "ai_likelihood": 0.19192165798611113,
            "prediction": "Unlikely AI",
            "llm_prediction": {
                "GPT35": 0.0,
                "GPT4": 0.0,
                "CLAUDE": 0.0,
                "GOOGLE": 0.0,
                "OPENAI_O_SERIES": 0.0,
                "DEEPSEEK": 0.0,
                "GROK": 0.0,
                "NOVA": 0.0,
                "OTHER": 0.0,
                "HUMAN": 0.0
            },
            "metadata": {
                "request_id": "d53295f6-ffa9-4d52-91bb-641c7545953c"
            },
            "start_index": 1789,
            "end_index": 4371
        }
    ],
    "window_likelihoods": [
        4.460414250691732e-05,
        5.19553820292155e-05,
        0.19192165798611113
    ],
    "window_indices": [
        [
            0,
            2682
        ],
        [
            980,
            3572
        ],
        [
            1789,
            4371
        ]
    ],
    "max_chunk_length": 200,
    "min_chunk_length": 160,
    "num_chunks_per_window": 3,
    "metadata": {
        "request_id": "d53295f6-ffa9-4d52-91bb-641c7545953c"
    }
}