{
    "text": "This research introduces an approach called Smooth Sparse Online Dictionary Learning (Smooth SODL) which aims to break down brain images into organized and sparse elements using a multivariate method online dictionary learning technique extension, from Mairal et al.s work in 2010 with the addition of a Sobolev (Laplacian ) penalty to enforce spatial structure on the dictionary atoms. The decompositions that emerge clearly outline brain structures in the functional images and surpass cutting edge models in terms of interpretability and capturing variations, between individuals. \nThe paper is nicely written with an concise introduction to the issue at hand as well as the related research and contributions made by the authors The method they propose is detailed thoroughly with well designed experiments that are extensively evaluated The outcomes show how effective the Smooth SOD method is in extracting structured and cleaned up dictionaries that can capture inter subject variability, in small medium and large scale scenarios much better \nThe positive aspects of the document are; \nA new and efficient approach has been suggested for learning dictionaries, with spatial organization to overcome a key drawback of current methods. \nIn depth testing of the technique with trials, on a sizable public database showcases its effectiveness compared to cutting edge models. \nA brief analysis of how choosing hyperparameters affects the issue is crucial for those, in the field. \nThe paper has some drawbacks, such, as; \nWhile the methods computational demands are generally modest, in size; they could pose a challenge when dealing with large datasets. \nChoosing hyperparameters can be a task even with all the research done on the topic; it often needs precise adjustments, in real world applications. \nThe absence of a comparison with techniques that take spatial organization into account is notable, in this context; for instance TV 'l minimization could offer valuable perspectives on the efficacy of the suggested approach. \nReasons supporting acceptance; \nThe research paper introduces an efficient approach, to learning dictionaries online with spatial organization that tackles a notable drawback of current methods. \nExtensive experiments, on a public dataset have thoroughly assessed the approach and showcased its superiority compared to existing cutting edge models. \nThe report offers an analysis of how selecting hyperparameters influences the issue at hand\u2014an important consideration for those, in the field. \nSupporting points, in favor of acceptance; \nThe computational demands of the method could potentially pose a challenge when dealing with datasets. \nIn real world situations tuning hyperparameters might be necessary. \nThe papers impact might be restricted due to the absence of comparison, with methods that consider spatial structure. \nIn my opinion I suggest approving this paper because it presents an efficient approach to online dictionary learning with spatial structure, which tackles a major drawback of current methods. The comprehensive. Succinct examination of hyper parameter selection position the paper as a valuable addition, to the field.",
    "ai_likelihood": 0.3859178533601524,
    "avg_ai_likelihood": 0.3859178533601524,
    "max_ai_likelihood": 0.8388671875,
    "prediction": "Mixed content or heavily prompted AI outputs",
    "fraction_ai_content": 0.5,
    "llm_prediction": {
        "GPT35": 0.05136454661501775,
        "GPT4": 0.3362043051164798,
        "CLAUDE": 0.04114046870887934,
        "GOOGLE": 0.4541321768457897,
        "OPENAI_O_SERIES": 0.004768693053236199,
        "DEEPSEEK": 0.0007501154172740542,
        "GROK": 1.55578610861831e-05,
        "NOVA": 0.0003648050185725692,
        "OTHER": 0.017380932440435298,
        "HUMAN": 0.0938783989232291
    },
    "windows": [
        {
            "text": "This research introduces an approach called Smooth Sparse Online Dictionary Learning (Smooth SODL) which aims to break down brain images into organized and sparse elements using a multivariate method online dictionary learning technique extension, from Mairal et al.s work in 2010 with the addition of a Sobolev (Laplacian ) penalty to enforce spatial structure on the dictionary atoms. The decompositions that emerge clearly outline brain structures in the functional images and surpass cutting edge models in terms of interpretability and capturing variations, between individuals. \nThe paper is nicely written with an concise introduction to the issue at hand as well as the related research and contributions made by the authors The method they propose is detailed thoroughly with well designed experiments that are extensively evaluated The outcomes show how effective the Smooth SOD method is in extracting structured and cleaned up dictionaries that can capture inter subject variability, in small medium and large scale scenarios much better \nThe positive aspects of the document are; \nA new and efficient approach has been suggested for learning dictionaries, with spatial organization to overcome a key drawback of current methods. \nIn depth testing of the technique with trials, on a sizable public database showcases its effectiveness compared to cutting edge models. \nA brief analysis of how choosing hyperparameters affects the issue is crucial for those, in the field. \nThe paper has some drawbacks, such, as; \nWhile the methods computational demands are generally modest, in size; they could pose a challenge when dealing with large datasets. \nChoosing hyperparameters can be a task even with all the research done on the topic; it often needs precise adjustments, in real world applications. \nThe absence of a comparison with techniques that take spatial organization into account is notable, in this context; for instance TV 'l minimization could offer valuable perspectives on the efficacy of the suggested approach. \nReasons supporting acceptance; \nThe research paper introduces an efficient approach, to learning dictionaries online with spatial organization that tackles a notable drawback of current methods. \nExtensive experiments, on a public dataset have thoroughly assessed the approach and showcased its superiority compared to existing cutting edge models. \nThe report offers an analysis of how selecting hyperparameters influences the issue at hand\u2014an important consideration for those, in the field. \nSupporting points, in favor of acceptance; \nThe computational demands of the method could potentially pose a challenge when dealing with datasets. \nIn real world situations tuning hyperparameters might be necessary. \n",
            "ai_likelihood": 0.007425944010416667,
            "prediction": "Unlikely AI",
            "llm_prediction": {
                "GPT35": 0.0,
                "GPT4": 0.0,
                "CLAUDE": 0.0,
                "GOOGLE": 0.0,
                "OPENAI_O_SERIES": 0.0,
                "DEEPSEEK": 0.0,
                "GROK": 0.0,
                "NOVA": 0.0,
                "OTHER": 0.0,
                "HUMAN": 0.0
            },
            "metadata": {
                "request_id": "14ebefcd-7ecb-48ad-93e1-523d974d2c90"
            },
            "start_index": 0,
            "end_index": 2749
        },
        {
            "text": " SOD method is in extracting structured and cleaned up dictionaries that can capture inter subject variability, in small medium and large scale scenarios much better \nThe positive aspects of the document are; \nA new and efficient approach has been suggested for learning dictionaries, with spatial organization to overcome a key drawback of current methods. \nIn depth testing of the technique with trials, on a sizable public database showcases its effectiveness compared to cutting edge models. \nA brief analysis of how choosing hyperparameters affects the issue is crucial for those, in the field. \nThe paper has some drawbacks, such, as; \nWhile the methods computational demands are generally modest, in size; they could pose a challenge when dealing with large datasets. \nChoosing hyperparameters can be a task even with all the research done on the topic; it often needs precise adjustments, in real world applications. \nThe absence of a comparison with techniques that take spatial organization into account is notable, in this context; for instance TV 'l minimization could offer valuable perspectives on the efficacy of the suggested approach. \nReasons supporting acceptance; \nThe research paper introduces an efficient approach, to learning dictionaries online with spatial organization that tackles a notable drawback of current methods. \nExtensive experiments, on a public dataset have thoroughly assessed the approach and showcased its superiority compared to existing cutting edge models. \nThe report offers an analysis of how selecting hyperparameters influences the issue at hand\u2014an important consideration for those, in the field. \nSupporting points, in favor of acceptance; \nThe computational demands of the method could potentially pose a challenge when dealing with datasets. \nIn real world situations tuning hyperparameters might be necessary. \nThe papers impact might be restricted due to the absence of comparison, with methods that consider spatial structure. \nIn my opinion I suggest approving this paper because it presents an efficient approach to online dictionary learning with spatial structure, which tackles a major drawback of current methods. The comprehensive. Succinct examination of hyper parameter selection position the paper as a valuable addition, to the field.",
            "ai_likelihood": 0.8388671875,
            "prediction": "Likely AI",
            "llm_prediction": {
                "GPT35": 0.051361083984375,
                "GPT4": 0.336181640625,
                "CLAUDE": 0.0411376953125,
                "GOOGLE": 0.4541015625,
                "OPENAI_O_SERIES": 0.00476837158203125,
                "DEEPSEEK": 0.0007500648498535156,
                "GROK": 1.5556812286376953e-05,
                "NOVA": 0.0003647804260253906,
                "OTHER": 0.0173797607421875,
                "HUMAN": 0.0938720703125
            },
            "metadata": {
                "request_id": "14ebefcd-7ecb-48ad-93e1-523d974d2c90"
            },
            "start_index": 884,
            "end_index": 3185
        }
    ],
    "window_likelihoods": [
        0.007425944010416667,
        0.8388671875
    ],
    "window_indices": [
        [
            0,
            2749
        ],
        [
            884,
            3185
        ]
    ],
    "max_chunk_length": 200,
    "min_chunk_length": 160,
    "num_chunks_per_window": 3,
    "metadata": {
        "request_id": "14ebefcd-7ecb-48ad-93e1-523d974d2c90"
    }
}