{
    "text": "The research paper discusses a study on the descent dynamics for constrained convex optimization by examining a set of Accelerated Mirror Descent (AMD) dynamics with an inclusive averaging approach in mind.The authors lay out conditions, on the weight functions to ensure a targeted rate of convergence over time and introduce an adaptable averaging strategy that upholds this rate of convergence effectively.The paper is organized well. Showcases the authors thorough grasp of the subject matter. \nThe primary advantages of the paper are; \nThe authors thoroughly examine the dynamics of AMD. Use a Lyapunov argument to demonstrate the convergence rate, with precision. \nThe paper presents an approach, with the introduction of a unique adaptive averaging method that adds value to the field. \nThe authors have presented their results in an organized manner that makes it simple to understand their points. \nHowever, \nThe authors touched on some studies; however delving deeper into existing methods and their constraints would enhance the papers credibility. \nThe authors included a numerical experiments in their work; however conducting additional experiments, on different scenarios and comparing them with other advanced techniques could offer more insights and benefits. \nThe authors offer support for their adaptive averaging heuristic; however additional scrutiny of its convergence properties and comparison, with alternative approaches could be beneficial. \nBased on the review standards of NIPS (Neural Information Processing Systems) here's how I would assess the paper; \nThe paper is solid, in its aspects but could use more detailed background research and practical experiments to enhance its quality.\nThe paper is well laid out and easy to understand scoring a solid 9 out of 10 for clarity.\nThe paper presents an adaptive averaging approach while also incorporating previous research, on AMD dynamics.\nThe paper holds promise in advancing the creation of better optimization algorithms; however its true impact remains to be proven.\nIn general I would suggest approving the paper but advising the authors to work on the mentioned areas, for enhancement in order to enhance their contribution further.  \nReasons to support acceptance; \nThe article introduces an adaptive averaging technique, for speeding up mirror descent algorithms. \nThe authors thoroughly examine the dynamics of AMD. Determine the rates at which convergence occurs. \nThe document shows promise in enhancing the creation of better optimization algorithms. \nReasons supporting acceptance; \nThe article would be improved with a thorough examination of previous research and established approaches. \nThe numerical tests have their limitations; conducting experiments could prove advantageous. \nFurther enhancement of the averaging heuristics theoretical analysis is possible. ",
    "ai_likelihood": 0.17467746358299055,
    "avg_ai_likelihood": 0.17467746358299055,
    "max_ai_likelihood": 0.2886284722222222,
    "prediction": "Uncertain: Possibly mixed content or heavily prompted AI outputs",
    "fraction_ai_content": 0.0,
    "llm_prediction": {
        "GPT35": 0,
        "GPT4": 0,
        "CLAUDE": 0,
        "GOOGLE": 0,
        "OPENAI_O_SERIES": 0,
        "DEEPSEEK": 0,
        "GROK": 0,
        "NOVA": 0,
        "OTHER": 0,
        "HUMAN": 0
    },
    "windows": [
        {
            "text": "The research paper discusses a study on the descent dynamics for constrained convex optimization by examining a set of Accelerated Mirror Descent (AMD) dynamics with an inclusive averaging approach in mind.The authors lay out conditions, on the weight functions to ensure a targeted rate of convergence over time and introduce an adaptable averaging strategy that upholds this rate of convergence effectively.The paper is organized well. Showcases the authors thorough grasp of the subject matter. \nThe primary advantages of the paper are; \nThe authors thoroughly examine the dynamics of AMD. Use a Lyapunov argument to demonstrate the convergence rate, with precision. \nThe paper presents an approach, with the introduction of a unique adaptive averaging method that adds value to the field. \nThe authors have presented their results in an organized manner that makes it simple to understand their points. \nHowever, \nThe authors touched on some studies; however delving deeper into existing methods and their constraints would enhance the papers credibility. \nThe authors included a numerical experiments in their work; however conducting additional experiments, on different scenarios and comparing them with other advanced techniques could offer more insights and benefits. \nThe authors offer support for their adaptive averaging heuristic; however additional scrutiny of its convergence properties and comparison, with alternative approaches could be beneficial. \nBased on the review standards of NIPS (Neural Information Processing Systems) here's how I would assess the paper; \nThe paper is solid, in its aspects but could use more detailed background research and practical experiments to enhance its quality.\nThe paper is well laid out and easy to understand scoring a solid 9 out of 10 for clarity.\nThe paper presents an adaptive averaging approach while also incorporating previous research, on AMD dynamics.\nThe paper holds promise in advancing the creation of better optimization algorithms; however its true impact remains to be proven.\nIn general I would suggest approving the paper but advising the authors to work on the mentioned areas, for enhancement in order to enhance their contribution further.  \nReasons to support acceptance; \nThe article introduces an adaptive averaging technique, for speeding up mirror descent algorithms. \nThe authors thoroughly examine the dynamics of AMD. Determine the rates at which convergence occurs. \nThe document shows promise in enhancing the creation of better optimization algorithms. \nReasons supporting acceptance; \nThe article would be improved with a thorough examination of previous research and established approaches. \nThe numerical tests have their limitations; conducting experiments could prove advantageous. \n",
            "ai_likelihood": 0.2886284722222222,
            "prediction": "Possibly AI",
            "llm_prediction": {
                "GPT35": 0.0,
                "GPT4": 0.0,
                "CLAUDE": 0.0,
                "GOOGLE": 0.0,
                "OPENAI_O_SERIES": 0.0,
                "DEEPSEEK": 0.0,
                "GROK": 0.0,
                "NOVA": 0.0,
                "OTHER": 0.0,
                "HUMAN": 0.0
            },
            "metadata": {
                "request_id": "26fbb31a-5ea6-4094-be03-22173d4d9231"
            },
            "start_index": 0,
            "end_index": 2777
        },
        {
            "text": "However, \nThe authors touched on some studies; however delving deeper into existing methods and their constraints would enhance the papers credibility. \nThe authors included a numerical experiments in their work; however conducting additional experiments, on different scenarios and comparing them with other advanced techniques could offer more insights and benefits. \nThe authors offer support for their adaptive averaging heuristic; however additional scrutiny of its convergence properties and comparison, with alternative approaches could be beneficial. \nBased on the review standards of NIPS (Neural Information Processing Systems) here's how I would assess the paper; \nThe paper is solid, in its aspects but could use more detailed background research and practical experiments to enhance its quality.\nThe paper is well laid out and easy to understand scoring a solid 9 out of 10 for clarity.\nThe paper presents an adaptive averaging approach while also incorporating previous research, on AMD dynamics.\nThe paper holds promise in advancing the creation of better optimization algorithms; however its true impact remains to be proven.\nIn general I would suggest approving the paper but advising the authors to work on the mentioned areas, for enhancement in order to enhance their contribution further.  \nReasons to support acceptance; \nThe article introduces an adaptive averaging technique, for speeding up mirror descent algorithms. \nThe authors thoroughly examine the dynamics of AMD. Determine the rates at which convergence occurs. \nThe document shows promise in enhancing the creation of better optimization algorithms. \nReasons supporting acceptance; \nThe article would be improved with a thorough examination of previous research and established approaches. \nThe numerical tests have their limitations; conducting experiments could prove advantageous. \nFurther enhancement of the averaging heuristics theoretical analysis is possible. ",
            "ai_likelihood": 0.009138319227430556,
            "prediction": "Unlikely AI",
            "llm_prediction": {
                "GPT35": 0.0,
                "GPT4": 0.0,
                "CLAUDE": 0.0,
                "GOOGLE": 0.0,
                "OPENAI_O_SERIES": 0.0,
                "DEEPSEEK": 0.0,
                "GROK": 0.0,
                "NOVA": 0.0,
                "OTHER": 0.0,
                "HUMAN": 0.0
            },
            "metadata": {
                "request_id": "26fbb31a-5ea6-4094-be03-22173d4d9231"
            },
            "start_index": 908,
            "end_index": 2859
        }
    ],
    "window_likelihoods": [
        0.2886284722222222,
        0.009138319227430556
    ],
    "window_indices": [
        [
            0,
            2777
        ],
        [
            908,
            2859
        ]
    ],
    "max_chunk_length": 200,
    "min_chunk_length": 160,
    "num_chunks_per_window": 3,
    "metadata": {
        "request_id": "26fbb31a-5ea6-4094-be03-22173d4d9231"
    }
}