{
    "text": "This study introduces a method for analyzing the spectrum of complex dynamic systems by leveraging the Koopman operator within reproducing kernel Hilbert spaces (RKHS). The researchers suggest a procedure for conducting this analysis through a breakdown technique that involves determining orthogonal foundations for the Krylov matrix, within RKHS and decomposing the eigenvalues of the Koopman operator projected onto the space defined by these foundations. The algorithm breaks down the dynamics into a number of patterns that serve as a method for extracting features, in nonlinear dynamical systems. \nThe paper is nicely written with an concise introduction to the background and purpose of the study by the authors.The technical parts are also well structured. Explained in detail about the new algorithm suggested and its relation to previously used methods like dynamic mode decomposition (DMD). The real world examples and practical uses shared in the paper show how effective the new approach is, in estimating Koopman modes and forecasting states of nonlinear dynamical systems. \nThe papers strong points are; \nA new method is being suggested for analyzing the spectrum of dynamic systems by utilizing the Koopman operator, in RKHS frameworks. \nDeveloping a decomposition algorithm for conducting such analysis is crucial, in this context. \nThe presentation of real life examples and practical instances showcasing the success of the suggested method. \nThe papers shortcomings are as follows; \nThe document expects the reader to have knowledge of the Koopman operator and RKHS technicalities which might pose challenges for individuals lacking expertise, in the subject matter. \nThe document would be improved by providing a thorough examination of different approaches, such as DMD and various spectral analysis methods that are already, in use. \nThe real world instances and uses showcased in the document are quite basic. Might not fully showcase the effectiveness of the suggested method. \nReasons supporting approval; \nThe article introduces an creative method, for analyzing the spectra of nonlinear dynamic systems. \nThe algorithm suggested is compelling and could be useful, in different scenarios. \nThe practical instances and real life scenarios showcased in the document show how well the suggested method works. \nReasons to oppose; \nThe article could be too complex. Might expect the reader to have a lot of prior knowledge. \nThe paper would be improved by conducting a thorough examination of the pros and cons of the suggested method as the current comparison, with other methods is lacking in depth. \nThe practical instances and uses highlighted in the document seem basic and may not showcase the complete effectiveness of the suggested method. \nIn my opinion\u200b I would suggest approving the paper with some adjustments to tackle the issues raised earlier\u200b The paper holds promise for making an impact, on the study of nonlinear dynamical systems and spectral analysis\u200b With a few tweaks\u200b\u200b it could become even more robust\u200b \nRating of 8 out of 10, for quality.\nThe article is nicely written with an introduction that explains the background and purpose of the study clearly and succinctly\u200b. The technical parts are well structured\u200b as well as, with a comprehensive explanation of the new algorithm and how it relates to other methods already in use\u200b. \nThe clarity of the text is rated at 8 out of 10.\nThe article is nicely structured with an straightforward introduction to the context and purpose of the study; nonetheless it presupposes that the audience already has knowledge of the Koopman operator and RKHS technicalities which could pose challenges, for those not well versed in these areas. \nThe uniqueness of the content is rated at 9 out of 10. \nThe research paper introduces an innovative method for examining the spectral characteristics of nonlinear dynamic systems by utilizing the Koopman operator, in Reproducing Kernel Hilbert Spaces (RKHS).\nThe importance is rated at 8 out of 10.\nThe research paper could have an impact, on the study of complex dynamic systems and spectral analysis as the suggested method seems well thought out and likely to have broad usage potential. ",
    "ai_likelihood": 0.2331420401553134,
    "avg_ai_likelihood": 0.2331420401553134,
    "max_ai_likelihood": 0.46712239583333337,
    "prediction": "Uncertain: Possibly mixed content or heavily prompted AI outputs",
    "fraction_ai_content": 0.0,
    "llm_prediction": {
        "GPT35": 0,
        "GPT4": 0,
        "CLAUDE": 0,
        "GOOGLE": 0,
        "OPENAI_O_SERIES": 0,
        "DEEPSEEK": 0,
        "GROK": 0,
        "NOVA": 0,
        "OTHER": 0,
        "HUMAN": 0
    },
    "windows": [
        {
            "text": "This study introduces a method for analyzing the spectrum of complex dynamic systems by leveraging the Koopman operator within reproducing kernel Hilbert spaces (RKHS). The researchers suggest a procedure for conducting this analysis through a breakdown technique that involves determining orthogonal foundations for the Krylov matrix, within RKHS and decomposing the eigenvalues of the Koopman operator projected onto the space defined by these foundations. The algorithm breaks down the dynamics into a number of patterns that serve as a method for extracting features, in nonlinear dynamical systems. \nThe paper is nicely written with an concise introduction to the background and purpose of the study by the authors.The technical parts are also well structured. Explained in detail about the new algorithm suggested and its relation to previously used methods like dynamic mode decomposition (DMD). The real world examples and practical uses shared in the paper show how effective the new approach is, in estimating Koopman modes and forecasting states of nonlinear dynamical systems. \nThe papers strong points are; \nA new method is being suggested for analyzing the spectrum of dynamic systems by utilizing the Koopman operator, in RKHS frameworks. \nDeveloping a decomposition algorithm for conducting such analysis is crucial, in this context. \nThe presentation of real life examples and practical instances showcasing the success of the suggested method. \nThe papers shortcomings are as follows; \nThe document expects the reader to have knowledge of the Koopman operator and RKHS technicalities which might pose challenges for individuals lacking expertise, in the subject matter. \nThe document would be improved by providing a thorough examination of different approaches, such as DMD and various spectral analysis methods that are already, in use. \nThe real world instances and uses showcased in the document are quite basic. Might not fully showcase the effectiveness of the suggested method. \nReasons supporting approval; \nThe article introduces an creative method, for analyzing the spectra of nonlinear dynamic systems. \nThe algorithm suggested is compelling and could be useful, in different scenarios. \nThe practical instances and real life scenarios showcased in the document show how well the suggested method works. \nReasons to oppose; \nThe article could be too complex. Might expect the reader to have a lot of prior knowledge. \nThe paper would be improved by conducting a thorough examination of the pros and cons of the suggested method as the current comparison, with other methods is lacking in depth. \nThe practical instances and uses highlighted in the document seem basic and may not showcase the complete effectiveness of the suggested method. \nIn my opinion\u200b I would suggest approving the",
            "ai_likelihood": 0.001064406500922309,
            "prediction": "Unlikely AI",
            "llm_prediction": {
                "GPT35": 0.0,
                "GPT4": 0.0,
                "CLAUDE": 0.0,
                "GOOGLE": 0.0,
                "OPENAI_O_SERIES": 0.0,
                "DEEPSEEK": 0.0,
                "GROK": 0.0,
                "NOVA": 0.0,
                "OTHER": 0.0,
                "HUMAN": 0.0
            },
            "metadata": {
                "request_id": "21e7fc71-9452-437a-9cba-20fd180195d5"
            },
            "start_index": 0,
            "end_index": 2816
        },
        {
            "text": "The papers strong points are; \nA new method is being suggested for analyzing the spectrum of dynamic systems by utilizing the Koopman operator, in RKHS frameworks. \nDeveloping a decomposition algorithm for conducting such analysis is crucial, in this context. \nThe presentation of real life examples and practical instances showcasing the success of the suggested method. \nThe papers shortcomings are as follows; \nThe document expects the reader to have knowledge of the Koopman operator and RKHS technicalities which might pose challenges for individuals lacking expertise, in the subject matter. \nThe document would be improved by providing a thorough examination of different approaches, such as DMD and various spectral analysis methods that are already, in use. \nThe real world instances and uses showcased in the document are quite basic. Might not fully showcase the effectiveness of the suggested method. \nReasons supporting approval; \nThe article introduces an creative method, for analyzing the spectra of nonlinear dynamic systems. \nThe algorithm suggested is compelling and could be useful, in different scenarios. \nThe practical instances and real life scenarios showcased in the document show how well the suggested method works. \nReasons to oppose; \nThe article could be too complex. Might expect the reader to have a lot of prior knowledge. \nThe paper would be improved by conducting a thorough examination of the pros and cons of the suggested method as the current comparison, with other methods is lacking in depth. \nThe practical instances and uses highlighted in the document seem basic and may not showcase the complete effectiveness of the suggested method. \nIn my opinion\u200b I would suggest approving the paper with some adjustments to tackle the issues raised earlier\u200b The paper holds promise for making an impact, on the study of nonlinear dynamical systems and spectral analysis\u200b With a few tweaks\u200b\u200b it could become even more robust\u200b \nRating of 8 out of 10, for quality.\nThe article is nicely written with an introduction that explains the background and purpose of the study clearly and succinctly\u200b. The technical parts are well structured\u200b as well as, with a comprehensive explanation of the new algorithm and how it relates to other methods already in use\u200b. \nThe clarity of the text is rated at 8 out of 10.\nThe article is nicely structured with an straightforward introduction to the context and purpose of the study; nonetheless it presupposes that the audience already has",
            "ai_likelihood": 0.46712239583333337,
            "prediction": "Possibly AI",
            "llm_prediction": {
                "GPT35": 0.0,
                "GPT4": 0.0,
                "CLAUDE": 0.0,
                "GOOGLE": 0.0,
                "OPENAI_O_SERIES": 0.0,
                "DEEPSEEK": 0.0,
                "GROK": 0.0,
                "NOVA": 0.0,
                "OTHER": 0.0,
                "HUMAN": 0.0
            },
            "metadata": {
                "request_id": "21e7fc71-9452-437a-9cba-20fd180195d5"
            },
            "start_index": 1090,
            "end_index": 3593
        },
        {
            "text": "Reasons supporting approval; \nThe article introduces an creative method, for analyzing the spectra of nonlinear dynamic systems. \nThe algorithm suggested is compelling and could be useful, in different scenarios. \nThe practical instances and real life scenarios showcased in the document show how well the suggested method works. \nReasons to oppose; \nThe article could be too complex. Might expect the reader to have a lot of prior knowledge. \nThe paper would be improved by conducting a thorough examination of the pros and cons of the suggested method as the current comparison, with other methods is lacking in depth. \nThe practical instances and uses highlighted in the document seem basic and may not showcase the complete effectiveness of the suggested method. \nIn my opinion\u200b I would suggest approving the paper with some adjustments to tackle the issues raised earlier\u200b The paper holds promise for making an impact, on the study of nonlinear dynamical systems and spectral analysis\u200b With a few tweaks\u200b\u200b it could become even more robust\u200b \nRating of 8 out of 10, for quality.\nThe article is nicely written with an introduction that explains the background and purpose of the study clearly and succinctly\u200b. The technical parts are well structured\u200b as well as, with a comprehensive explanation of the new algorithm and how it relates to other methods already in use\u200b. \nThe clarity of the text is rated at 8 out of 10.\nThe article is nicely structured with an straightforward introduction to the context and purpose of the study; nonetheless it presupposes that the audience already has knowledge of the Koopman operator and RKHS technicalities which could pose challenges, for those not well versed in these areas. \nThe uniqueness of the content is rated at 9 out of 10. \nThe research paper introduces an innovative method for examining the spectral characteristics of nonlinear dynamic systems by utilizing the Koopman operator, in Reproducing Kernel Hilbert Spaces (RKHS).\nThe importance is rated at 8 out of 10.\nThe research paper could have an impact, on the study of complex dynamic systems and spectral analysis as the suggested method seems well thought out and likely to have broad usage potential. ",
            "ai_likelihood": 0.24698893229166669,
            "prediction": "Possibly AI",
            "llm_prediction": {
                "GPT35": 0.0,
                "GPT4": 0.0,
                "CLAUDE": 0.0,
                "GOOGLE": 0.0,
                "OPENAI_O_SERIES": 0.0,
                "DEEPSEEK": 0.0,
                "GROK": 0.0,
                "NOVA": 0.0,
                "OTHER": 0.0,
                "HUMAN": 0.0
            },
            "metadata": {
                "request_id": "21e7fc71-9452-437a-9cba-20fd180195d5"
            },
            "start_index": 2004,
            "end_index": 4215
        }
    ],
    "window_likelihoods": [
        0.001064406500922309,
        0.46712239583333337,
        0.24698893229166669
    ],
    "window_indices": [
        [
            0,
            2816
        ],
        [
            1090,
            3593
        ],
        [
            2004,
            4215
        ]
    ],
    "max_chunk_length": 200,
    "min_chunk_length": 160,
    "num_chunks_per_window": 3,
    "metadata": {
        "request_id": "21e7fc71-9452-437a-9cba-20fd180195d5"
    }
}