{
    "text": "This paper introduces a method, for batch Bayesian optimization called the parallel knowledge gradient method (known as q KG). This method aims to optimize functions that are costly to evaluate by running multiple evaluations simultaneously. It is based on decision theory. Is proven to be optimal according to Bayes when trying to minimize the lowest prediction value of the Gaussian process with one last decision left. \nThe paper discusses research that builds upon studies on Bayesian optimization by exploring the knowledge gradient method\u2014a sequential Bayesian optimization approach\u2014in a parallel setting where multiple points can be assessed concurrently. They extend the q KG algorithm to this context. Compare its performance with other parallel Bayesian optimization techniques, like parallel expected improvement (EI) and parallel upper confidence bound (UCB). The results demonstrate that the q KG algorithm excels in optimizing synthetic functions and fine tuning practical machine learning algorithms. \nThe papers notable qualities are; \nA batch Bayesian optimization algorithm proposal rooted in decision theory perspective.\nCreating an approach to effectively execute the algorithm.\nWhen assessing the algorithm its performance is contrasted with that of cutting edge parallel Bayesian optimization algorithms.\nThe algorithms effectiveness was shown through tests on simulated tasks and, in optimizing real world machine learning processes.\nThe paper has some shortcomings, such, as; \nThe algorithms computational complexity could increase significantly for batch sizes or problems, with high dimensions.\nSome problems may not be a fit, for a Gaussian process prior. \nThe absence of assured theoretical performance guarantees for the algorithm extends as far as the Bayes optimal outcome, for a singular decision.\nReasons supporting approval; \nThe research paper introduces an thoroughly justified approach that tackles a significant issue, in Bayesian optimization.\nThe algorithm has been demonstrated to perform than other cutting edge algorithms on various artificial functions and, in optimizing real world machine learning algorithms.\nThe document offers a concise and skillfully crafted explanation of the algorithm and how it is put into practice. \nOpposing viewpoints; \nThe algorithms computational complexity could pose challenges, for uses.\nThe need for a Gaussian process prior could restrict the algorithms usefulness, for some issues. \nSome readers might be worried about the algorithms performance due, to the absence of proven assurances.\nIn my opinion the paper makes a contribution, to the area of Bayesian optimization. Although there are some weaknesses the strengths of the paper outweigh them. Therefore I suggest accepting the paper.  \nThe rating for the quality is 8, out of 10.\nThe article is nicely written, providing an explanation of the suggested algorithm and how it was put into practice effectively.The results from the experiments are persuasive showcasing the algorithms effectiveness across synthetic functions and its impact, in optimizing real world machine learning algorithms. \nThe text is very clear and easy to understand scoring a 9 out of 10.\nThe document is nicely. Straightforward to navigate through.The symbols used are easy to understand and remain uniform throughout the text.The authors have presented an explanation of the algorithm and how it is carried out. \nThe level of creativity is pretty high scoring an 8 out of 10.\nThe paper suggests a new batch Bayesian optimization method that stems from a decision standpoint and adds to the existing research in Bayesian optimization with a notable impact, on the field. \nImportance Level Rating. 9 Out of 10. \nThe study discusses an issue within Bayesian optimization and showcases how well the algorithm works across various simulated functions and when fine tuning real world machine learning algorithms with noteworthy implications, for the realms of Bayesian optimization and machine learning. ",
    "ai_likelihood": 0.21227078559319726,
    "avg_ai_likelihood": 0.21227078559319726,
    "max_ai_likelihood": 0.4332139756944445,
    "prediction": "Mixed content or heavily prompted AI outputs",
    "fraction_ai_content": 0.0,
    "llm_prediction": {
        "GPT35": 0,
        "GPT4": 0,
        "CLAUDE": 0,
        "GOOGLE": 0,
        "OPENAI_O_SERIES": 0,
        "DEEPSEEK": 0,
        "GROK": 0,
        "NOVA": 0,
        "OTHER": 0,
        "HUMAN": 0
    },
    "windows": [
        {
            "text": "This paper introduces a method, for batch Bayesian optimization called the parallel knowledge gradient method (known as q KG). This method aims to optimize functions that are costly to evaluate by running multiple evaluations simultaneously. It is based on decision theory. Is proven to be optimal according to Bayes when trying to minimize the lowest prediction value of the Gaussian process with one last decision left. \nThe paper discusses research that builds upon studies on Bayesian optimization by exploring the knowledge gradient method\u2014a sequential Bayesian optimization approach\u2014in a parallel setting where multiple points can be assessed concurrently. They extend the q KG algorithm to this context. Compare its performance with other parallel Bayesian optimization techniques, like parallel expected improvement (EI) and parallel upper confidence bound (UCB). The results demonstrate that the q KG algorithm excels in optimizing synthetic functions and fine tuning practical machine learning algorithms. \nThe papers notable qualities are; \nA batch Bayesian optimization algorithm proposal rooted in decision theory perspective.\nCreating an approach to effectively execute the algorithm.\nWhen assessing the algorithm its performance is contrasted with that of cutting edge parallel Bayesian optimization algorithms.\nThe algorithms effectiveness was shown through tests on simulated tasks and, in optimizing real world machine learning processes.\nThe paper has some shortcomings, such, as; \nThe algorithms computational complexity could increase significantly for batch sizes or problems, with high dimensions.\nSome problems may not be a fit, for a Gaussian process prior. \nThe absence of assured theoretical performance guarantees for the algorithm extends as far as the Bayes optimal outcome, for a singular decision.\nReasons supporting approval; \nThe research paper introduces an thoroughly justified approach that tackles a significant issue, in Bayesian optimization.\nThe algorithm has been demonstrated to perform than other cutting edge algorithms on various artificial functions and, in optimizing real world machine learning algorithms.\nThe document offers a concise and skillfully crafted explanation of the algorithm and how it is put into practice. \nOpposing viewpoints; \nThe algorithms computational complexity could pose challenges, for uses.\nThe need for a Gaussian process prior could restrict the algorithms usefulness, for some issues. \nSome readers might be worried about the algorithms performance due, to the absence of proven assurances.\nIn my opinion the paper makes a contribution, to the area of Bayesian optimization. Although there are some weaknesses the strengths of the paper outweigh them. Therefore I suggest accepting the paper.  \nThe rating for the quality is 8, out of 10.\n",
            "ai_likelihood": 0.4332139756944445,
            "prediction": "Possibly AI",
            "llm_prediction": {
                "GPT35": 0.0,
                "GPT4": 0.0,
                "CLAUDE": 0.0,
                "GOOGLE": 0.0,
                "OPENAI_O_SERIES": 0.0,
                "DEEPSEEK": 0.0,
                "GROK": 0.0,
                "NOVA": 0.0,
                "OTHER": 0.0,
                "HUMAN": 0.0
            },
            "metadata": {
                "request_id": "2bc8b1c3-74fa-483f-8a8f-05ede622067a"
            },
            "start_index": 0,
            "end_index": 2818
        },
        {
            "text": "The papers notable qualities are; \nA batch Bayesian optimization algorithm proposal rooted in decision theory perspective.\nCreating an approach to effectively execute the algorithm.\nWhen assessing the algorithm its performance is contrasted with that of cutting edge parallel Bayesian optimization algorithms.\nThe algorithms effectiveness was shown through tests on simulated tasks and, in optimizing real world machine learning processes.\nThe paper has some shortcomings, such, as; \nThe algorithms computational complexity could increase significantly for batch sizes or problems, with high dimensions.\nSome problems may not be a fit, for a Gaussian process prior. \nThe absence of assured theoretical performance guarantees for the algorithm extends as far as the Bayes optimal outcome, for a singular decision.\nReasons supporting approval; \nThe research paper introduces an thoroughly justified approach that tackles a significant issue, in Bayesian optimization.\nThe algorithm has been demonstrated to perform than other cutting edge algorithms on various artificial functions and, in optimizing real world machine learning algorithms.\nThe document offers a concise and skillfully crafted explanation of the algorithm and how it is put into practice. \nOpposing viewpoints; \nThe algorithms computational complexity could pose challenges, for uses.\nThe need for a Gaussian process prior could restrict the algorithms usefulness, for some issues. \nSome readers might be worried about the algorithms performance due, to the absence of proven assurances.\nIn my opinion the paper makes a contribution, to the area of Bayesian optimization. Although there are some weaknesses the strengths of the paper outweigh them. Therefore I suggest accepting the paper.  \nThe rating for the quality is 8, out of 10.\nThe article is nicely written, providing an explanation of the suggested algorithm and how it was put into practice effectively.The results from the experiments are persuasive showcasing the algorithms effectiveness across synthetic functions and its impact, in optimizing real world machine learning algorithms. \nThe text is very clear and easy to understand scoring a 9 out of 10.\nThe document is nicely. Straightforward to navigate through.The symbols used are easy to understand and remain uniform throughout the text.The authors have presented an explanation of the algorithm and how it is carried out. \nThe level of creativity is pretty high scoring an 8 out of 10.\nThe paper suggests a new batch Bayesian optimization method that stems from a decision standpoint and adds to the existing research in Bayesian optimization with a notable impact, on the field. \n",
            "ai_likelihood": 0.15611436631944445,
            "prediction": "Unlikely AI",
            "llm_prediction": {
                "GPT35": 0.0,
                "GPT4": 0.0,
                "CLAUDE": 0.0,
                "GOOGLE": 0.0,
                "OPENAI_O_SERIES": 0.0,
                "DEEPSEEK": 0.0,
                "GROK": 0.0,
                "NOVA": 0.0,
                "OTHER": 0.0,
                "HUMAN": 0.0
            },
            "metadata": {
                "request_id": "2bc8b1c3-74fa-483f-8a8f-05ede622067a"
            },
            "start_index": 1017,
            "end_index": 3685
        },
        {
            "text": "The algorithm has been demonstrated to perform than other cutting edge algorithms on various artificial functions and, in optimizing real world machine learning algorithms.\nThe document offers a concise and skillfully crafted explanation of the algorithm and how it is put into practice. \nOpposing viewpoints; \nThe algorithms computational complexity could pose challenges, for uses.\nThe need for a Gaussian process prior could restrict the algorithms usefulness, for some issues. \nSome readers might be worried about the algorithms performance due, to the absence of proven assurances.\nIn my opinion the paper makes a contribution, to the area of Bayesian optimization. Although there are some weaknesses the strengths of the paper outweigh them. Therefore I suggest accepting the paper.  \nThe rating for the quality is 8, out of 10.\nThe article is nicely written, providing an explanation of the suggested algorithm and how it was put into practice effectively.The results from the experiments are persuasive showcasing the algorithms effectiveness across synthetic functions and its impact, in optimizing real world machine learning algorithms. \nThe text is very clear and easy to understand scoring a 9 out of 10.\nThe document is nicely. Straightforward to navigate through.The symbols used are easy to understand and remain uniform throughout the text.The authors have presented an explanation of the algorithm and how it is carried out. \nThe level of creativity is pretty high scoring an 8 out of 10.\nThe paper suggests a new batch Bayesian optimization method that stems from a decision standpoint and adds to the existing research in Bayesian optimization with a notable impact, on the field. \nImportance Level Rating. 9 Out of 10. \nThe study discusses an issue within Bayesian optimization and showcases how well the algorithm works across various simulated functions and when fine tuning real world machine learning algorithms with noteworthy implications, for the realms of Bayesian optimization and machine learning. ",
            "ai_likelihood": 1.304679446750217e-05,
            "prediction": "Unlikely AI",
            "llm_prediction": {
                "GPT35": 0.0,
                "GPT4": 0.0,
                "CLAUDE": 0.0,
                "GOOGLE": 0.0,
                "OPENAI_O_SERIES": 0.0,
                "DEEPSEEK": 0.0,
                "GROK": 0.0,
                "NOVA": 0.0,
                "OTHER": 0.0,
                "HUMAN": 0.0
            },
            "metadata": {
                "request_id": "2bc8b1c3-74fa-483f-8a8f-05ede622067a"
            },
            "start_index": 1983,
            "end_index": 4012
        }
    ],
    "window_likelihoods": [
        0.4332139756944445,
        0.15611436631944445,
        1.304679446750217e-05
    ],
    "window_indices": [
        [
            0,
            2818
        ],
        [
            1017,
            3685
        ],
        [
            1983,
            4012
        ]
    ],
    "max_chunk_length": 200,
    "min_chunk_length": 160,
    "num_chunks_per_window": 3,
    "metadata": {
        "request_id": "2bc8b1c3-74fa-483f-8a8f-05ede622067a"
    }
}