{
    "text": "This essay introduces an addition in the realm of optimization that focuses particularly on saddle point issues prevalent in machine learning scenarios. The writers expand upon stochastic variance reduction techniques like SVRG and SAGA in order \u200b\u200bto introduce the initial large scale algorithms that demonstrate linear convergence, for this category of problems. \nThe paper is nicely written with an concise introduction to the issue along with the reasons behind it and relevant research findings provided by the authors.The technical advancements are significant. Backed up by a comprehensive examination of the algorithms that includes details, about convergence rates and computational challenges involved. \nSome key advantages of the document are; \nThe writers have introduced a variation of SVRG and SAGS for addressing saddle point problems in a noteworthy manner within the field. \nThe examination is comprehensive. Offers a solid grasp of how quickly the algorithms come together and the computational challenges involved. \nThe authors thoroughly compare their approach to existing batch and stochastic algorithms. Show its superior performance, in detail. \nThe results from the experiment are compelling. Showcase how well the suggested algorithms work, in real world scenarios. \nThe paper has shortcomings such, as; \nThe document makes an assumption about the familiarity with convexity conavity constants which might not be readily accessible, in real world scenarios The writers indicate their intention to delve into adjusting to these constants in future research endeavors. \nThe main emphasis of the paper is on saddle point issues; however it remains uncertain how the findings can be applied to broader saddle point problems, in general. \nIn terms the document is nicely crafted with meaningful technical additions.The writers offer an succinct overview of the issue while the examination is detailed and well explained.The practical outcomes are persuasive. Show how well the suggested methods work in real situations. \nReasons, in favor of agreeing to the proposal; \nThe research paper makes an addition to the optimization field with a focus, on saddle point problems. \nThe thorough analysis gives an insight into how the algorithms converge and their computational complexities. \nThe results, from the experiment are compelling. Show that the suggested algorithms work well in real life situations. \nPoints supporting acceptance; \nThe document presumes familiarity with convexity concordance ratios that might not be readily accessible, in real world scenarios. \nThe main emphasis of the paper is on saddle point issues; however it remains uncertain how these findings can be applied to broader saddle point problems, in general. \nNevertheless the papers strengths surpass its weaknesses. I am of the opinion that it should be accepted for publication. The authors make a contribution, to the field and their analysis is comprehensive and well articulated. The empirical findings are persuasive. Highlight the practical efficacy of the algorithms proposed in the paper. ",
    "ai_likelihood": 0.27578562694267295,
    "avg_ai_likelihood": 0.27578562694267295,
    "max_ai_likelihood": 0.6435546874999999,
    "prediction": "Mixed content or heavily prompted AI outputs",
    "fraction_ai_content": 0.5,
    "llm_prediction": {
        "GPT35": 0.5327193843646029,
        "GPT4": 0.061035676485403624,
        "CLAUDE": 0.010261623109108484,
        "GOOGLE": 0.25342012876739584,
        "OPENAI_O_SERIES": 0.00015127787785151797,
        "DEEPSEEK": 0.00023627482576966792,
        "GROK": 7.742709351029229e-05,
        "NOVA": 0.000846393170012433,
        "OTHER": 0.02565024304299087,
        "HUMAN": 0.11560157126335446
    },
    "windows": [
        {
            "text": "This essay introduces an addition in the realm of optimization that focuses particularly on saddle point issues prevalent in machine learning scenarios. The writers expand upon stochastic variance reduction techniques like SVRG and SAGA in order \u200b\u200bto introduce the initial large scale algorithms that demonstrate linear convergence, for this category of problems. \nThe paper is nicely written with an concise introduction to the issue along with the reasons behind it and relevant research findings provided by the authors.The technical advancements are significant. Backed up by a comprehensive examination of the algorithms that includes details, about convergence rates and computational challenges involved. \nSome key advantages of the document are; \nThe writers have introduced a variation of SVRG and SAGS for addressing saddle point problems in a noteworthy manner within the field. \nThe examination is comprehensive. Offers a solid grasp of how quickly the algorithms come together and the computational challenges involved. \nThe authors thoroughly compare their approach to existing batch and stochastic algorithms. Show its superior performance, in detail. \nThe results from the experiment are compelling. Showcase how well the suggested algorithms work, in real world scenarios. \nThe paper has shortcomings such, as; \nThe document makes an assumption about the familiarity with convexity conavity constants which might not be readily accessible, in real world scenarios The writers indicate their intention to delve into adjusting to these constants in future research endeavors. \nThe main emphasis of the paper is on saddle point issues; however it remains uncertain how the findings can be applied to broader saddle point problems, in general. \nIn terms the document is nicely crafted with meaningful technical additions.The writers offer an succinct overview of the issue while the examination is detailed and well explained.The practical outcomes are persuasive. Show how well the suggested methods work in real situations. \nReasons, in favor of agreeing to the proposal; \nThe research paper makes an addition to the optimization field with a focus, on saddle point problems. \nThe thorough analysis gives an insight into how the algorithms converge and their computational complexities. \nThe results, from the experiment are compelling. Show that the suggested algorithms work well in real life situations. \nPoints supporting acceptance; \nThe document presumes familiarity with convexity concordance ratios that might not be readily accessible, in real world scenarios. \nThe main emphasis of the paper is on saddle point issues; however it remains uncertain how these findings can be applied to broader saddle point problems, in general. \nNevertheless the papers strengths surpass its weaknesses. ",
            "ai_likelihood": 0.0010320875379774305,
            "prediction": "Unlikely AI",
            "llm_prediction": {
                "GPT35": 0.0,
                "GPT4": 0.0,
                "CLAUDE": 0.0,
                "GOOGLE": 0.0,
                "OPENAI_O_SERIES": 0.0,
                "DEEPSEEK": 0.0,
                "GROK": 0.0,
                "NOVA": 0.0,
                "OTHER": 0.0,
                "HUMAN": 0.0
            },
            "metadata": {
                "request_id": "1d8d262c-7228-4874-9b06-51d5fcc2a38e"
            },
            "start_index": 0,
            "end_index": 2812
        },
        {
            "text": "The authors thoroughly compare their approach to existing batch and stochastic algorithms. Show its superior performance, in detail. \nThe results from the experiment are compelling. Showcase how well the suggested algorithms work, in real world scenarios. \nThe paper has shortcomings such, as; \nThe document makes an assumption about the familiarity with convexity conavity constants which might not be readily accessible, in real world scenarios The writers indicate their intention to delve into adjusting to these constants in future research endeavors. \nThe main emphasis of the paper is on saddle point issues; however it remains uncertain how the findings can be applied to broader saddle point problems, in general. \nIn terms the document is nicely crafted with meaningful technical additions.The writers offer an succinct overview of the issue while the examination is detailed and well explained.The practical outcomes are persuasive. Show how well the suggested methods work in real situations. \nReasons, in favor of agreeing to the proposal; \nThe research paper makes an addition to the optimization field with a focus, on saddle point problems. \nThe thorough analysis gives an insight into how the algorithms converge and their computational complexities. \nThe results, from the experiment are compelling. Show that the suggested algorithms work well in real life situations. \nPoints supporting acceptance; \nThe document presumes familiarity with convexity concordance ratios that might not be readily accessible, in real world scenarios. \nThe main emphasis of the paper is on saddle point issues; however it remains uncertain how these findings can be applied to broader saddle point problems, in general. \nNevertheless the papers strengths surpass its weaknesses. I am of the opinion that it should be accepted for publication. The authors make a contribution, to the field and their analysis is comprehensive and well articulated. The empirical findings are persuasive. Highlight the practical efficacy of the algorithms proposed in the paper. ",
            "ai_likelihood": 0.6435546874999999,
            "prediction": "Likely AI",
            "llm_prediction": {
                "GPT35": 0.53271484375,
                "GPT4": 0.06103515625,
                "CLAUDE": 0.01026153564453125,
                "GOOGLE": 0.25341796875,
                "OPENAI_O_SERIES": 0.0001512765884399414,
                "DEEPSEEK": 0.00023627281188964844,
                "GROK": 7.742643356323242e-05,
                "NOVA": 0.0008463859558105469,
                "OTHER": 0.0256500244140625,
                "HUMAN": 0.1156005859375
            },
            "metadata": {
                "request_id": "1d8d262c-7228-4874-9b06-51d5fcc2a38e"
            },
            "start_index": 1034,
            "end_index": 3093
        }
    ],
    "window_likelihoods": [
        0.0010320875379774305,
        0.6435546874999999
    ],
    "window_indices": [
        [
            0,
            2812
        ],
        [
            1034,
            3093
        ]
    ],
    "max_chunk_length": 200,
    "min_chunk_length": 160,
    "num_chunks_per_window": 3,
    "metadata": {
        "request_id": "1d8d262c-7228-4874-9b06-51d5fcc2a38e"
    }
}