{
    "text": "The paper suggests two approaches for optimizing the linear loss minimization challenge of training Supervised PageRank models; a method not relying on gradients and one based on gradients. The authors offer assurances regarding the speed of convergence and the complexity boundaries for both techniques. The gradient free approach uses an optimization framework, without gradients and an approximate oracle; meanwhile the gradient based technique relies on an adaptive projected gradient algorithm with an approximate first order oracle. \nThe article is nicely. Offers a comprehensive summary of the issue at hand as well as the suggested approaches and the theoretical examination presented within its pages.The writers also share their findings by contrasting their strategies with the leading gradient based method available today.They demonstrate that their approaches surpass the method in terms of the loss function. \nThe paper has strong points, such, as; \nTwo novel optimization techniques have been suggested for solving the linear loss minimization issue associated with training Supervised PageRank models. \n Ensuring there are theoretical assurances regarding how quickly they converge and the level of complexity involved in both approaches. \nThe results from the experiments indicate that the new techniques perform better, than the leading method. \nThe papers limitations are as follows; \nThe paper suggests that the loss function is likely to be convex, near the solution but acknowledges that this assumption may not hold true in all cases. \nThe paper doesn't include a comparison to optimization techniques, like stochastic gradient descent or quasi newton methods. \nThe findings from the experiment are only applicable to the dataset used and may not be applicable to other datasets, in general. \nThe paper is nicely. Offers a valuable addition to the optimization and machine learning domain.The suggested approaches show promise in enhancing the effectiveness of search engines and various other applications dependent, on Supervised PageRank models. \nReasons supporting acceptance; \nThe document suggests two optimization techniques that have been proven to ensure a speedy convergence rate and manageable complexity limits. \nThe results of the experiment demonstrate that the new techniques are more effective than the existing method available, on the market. \nThe article is nicely. Offers a thorough explanation of the issue and the suggested approaches. \nReasons to agree with; \nThe document suggests that the loss function is convex in a range, around the best solution but acknowledges that this may not always hold true. \nThe paper lacks a comparison, with alternative optimization techniques. \nThe findings, from the experiment are constrained to a dataset and may not apply broadly to other datasets. \nThe quality of the content is rated at 8 out of 10.\nThe clarity of the information provided is impressive scoring a 9 out of 10.\nThe level of uniqueness is an 8, out of 10.\nThe importance of this is rated at 8 out of 10. \nThe total rating is 8, out of 10. \nSuggestion for approval with adjustments is advised for the authors to tackle the shortcomings of the document by including a comparison, with alternative optimization techniques and deliberating on the constraints of the test outcomes. Furthermore they should contemplate offering specifics regarding how the suggested approaches are put into practice and the computational capacities needed. ",
    "ai_likelihood": 0.7294921875,
    "avg_ai_likelihood": 0.7294921875,
    "max_ai_likelihood": 1.0,
    "prediction": "Uncertain: Possibly mixed content or heavily prompted AI outputs",
    "fraction_ai_content": 0.5,
    "llm_prediction": {
        "GPT35": 0.17905090533636678,
        "GPT4": 0.0022675051811194198,
        "CLAUDE": 0.0013854857141154403,
        "GOOGLE": 0.7391494769713954,
        "OPENAI_O_SERIES": 4.678278929717054e-05,
        "DEEPSEEK": 1.132322288721325e-05,
        "GROK": 7.449488741587665e-06,
        "NOVA": 2.568583718099427e-05,
        "OTHER": 0.07701507925511072,
        "HUMAN": 0.0010403062037852343
    },
    "windows": [
        {
            "text": "The paper suggests two approaches for optimizing the linear loss minimization challenge of training Supervised PageRank models; a method not relying on gradients and one based on gradients. The authors offer assurances regarding the speed of convergence and the complexity boundaries for both techniques. The gradient free approach uses an optimization framework, without gradients and an approximate oracle; meanwhile the gradient based technique relies on an adaptive projected gradient algorithm with an approximate first order oracle. \nThe article is nicely. Offers a comprehensive summary of the issue at hand as well as the suggested approaches and the theoretical examination presented within its pages.The writers also share their findings by contrasting their strategies with the leading gradient based method available today.They demonstrate that their approaches surpass the method in terms of the loss function. \nThe paper has strong points, such, as; \nTwo novel optimization techniques have been suggested for solving the linear loss minimization issue associated with training Supervised PageRank models. \n Ensuring there are theoretical assurances regarding how quickly they converge and the level of complexity involved in both approaches. \nThe results from the experiments indicate that the new techniques perform better, than the leading method. \nThe papers limitations are as follows; \nThe paper suggests that the loss function is likely to be convex, near the solution but acknowledges that this assumption may not hold true in all cases. \nThe paper doesn't include a comparison to optimization techniques, like stochastic gradient descent or quasi newton methods. \nThe findings from the experiment are only applicable to the dataset used and may not be applicable to other datasets, in general. \nThe paper is nicely. Offers a valuable addition to the optimization and machine learning domain.The suggested approaches show promise in enhancing the effectiveness of search engines and various other applications dependent, on Supervised PageRank models. \nReasons supporting acceptance; \nThe document suggests two optimization techniques that have been proven to ensure a speedy convergence rate and manageable complexity limits. \nThe results of the experiment demonstrate that the new techniques are more effective than the existing method available, on the market. \nThe article is nicely. Offers a thorough explanation of the issue and the suggested approaches. \nReasons to agree with; \nThe document suggests that the loss function is convex in a range, around the best solution but acknowledges that this may not always hold true. \nThe paper lacks a comparison, with alternative optimization techniques. \n",
            "ai_likelihood": 0.458984375,
            "prediction": "Possibly AI",
            "llm_prediction": {
                "GPT35": 0.0,
                "GPT4": 0.0,
                "CLAUDE": 0.0,
                "GOOGLE": 0.0,
                "OPENAI_O_SERIES": 0.0,
                "DEEPSEEK": 0.0,
                "GROK": 0.0,
                "NOVA": 0.0,
                "OTHER": 0.0,
                "HUMAN": 0.0
            },
            "metadata": {
                "request_id": "6b4bf52c-03f9-4d26-b1ac-0972afd4f267"
            },
            "start_index": 0,
            "end_index": 2726
        },
        {
            "text": "Two novel optimization techniques have been suggested for solving the linear loss minimization issue associated with training Supervised PageRank models. \n Ensuring there are theoretical assurances regarding how quickly they converge and the level of complexity involved in both approaches. \nThe results from the experiments indicate that the new techniques perform better, than the leading method. \nThe papers limitations are as follows; \nThe paper suggests that the loss function is likely to be convex, near the solution but acknowledges that this assumption may not hold true in all cases. \nThe paper doesn't include a comparison to optimization techniques, like stochastic gradient descent or quasi newton methods. \nThe findings from the experiment are only applicable to the dataset used and may not be applicable to other datasets, in general. \nThe paper is nicely. Offers a valuable addition to the optimization and machine learning domain.The suggested approaches show promise in enhancing the effectiveness of search engines and various other applications dependent, on Supervised PageRank models. \nReasons supporting acceptance; \nThe document suggests two optimization techniques that have been proven to ensure a speedy convergence rate and manageable complexity limits. \nThe results of the experiment demonstrate that the new techniques are more effective than the existing method available, on the market. \nThe article is nicely. Offers a thorough explanation of the issue and the suggested approaches. \nReasons to agree with; \nThe document suggests that the loss function is convex in a range, around the best solution but acknowledges that this may not always hold true. \nThe paper lacks a comparison, with alternative optimization techniques. \nThe findings, from the experiment are constrained to a dataset and may not apply broadly to other datasets. \nThe quality of the content is rated at 8 out of 10.\nThe clarity of the information provided is impressive scoring a 9 out of 10.\nThe level of uniqueness is an 8, out of 10.\nThe importance of this is rated at 8 out of 10. \nThe total rating is 8, out of 10. \nSuggestion for approval with adjustments is advised for the authors to tackle the shortcomings of the document by including a comparison, with alternative optimization techniques and deliberating on the constraints of the test outcomes. Furthermore they should contemplate offering specifics regarding how the suggested approaches are put into practice and the computational capacities needed. ",
            "ai_likelihood": 1.0,
            "prediction": "Highly Likely AI",
            "llm_prediction": {
                "GPT35": 0.1790771484375,
                "GPT4": 0.0022678375244140625,
                "CLAUDE": 0.0013856887817382812,
                "GOOGLE": 0.7392578125,
                "OPENAI_O_SERIES": 4.678964614868164e-05,
                "DEEPSEEK": 1.1324882507324219e-05,
                "GROK": 7.450580596923828e-06,
                "NOVA": 2.568960189819336e-05,
                "OTHER": 0.0770263671875,
                "HUMAN": 0.0010404586791992188
            },
            "metadata": {
                "request_id": "6b4bf52c-03f9-4d26-b1ac-0972afd4f267"
            },
            "start_index": 965,
            "end_index": 3486
        }
    ],
    "window_likelihoods": [
        0.458984375,
        1.0
    ],
    "window_indices": [
        [
            0,
            2726
        ],
        [
            965,
            3486
        ]
    ],
    "max_chunk_length": 200,
    "min_chunk_length": 160,
    "num_chunks_per_window": 3,
    "metadata": {
        "request_id": "6b4bf52c-03f9-4d26-b1ac-0972afd4f267"
    }
}