{
    "text": "This study suggests a method for teaching complex neural networks known as Stochastic Multiple Choice Learning (sMCL). This technique allows for the generation of solutions for a given input situation. The researchers approach the training of a group of networks, as an optimization problem involving stochastic block gradient descent with the aim of reducing the oracle loss \u2013 the best predictors achieved loss in the ensemble. \nThe article is nicely. Presents a straightforward and concise introduction to the issue of multiple choice learning and its significance in different contexts.The section on related research is detailed. Offers a solid summary of current approaches, for instructive ensembles and producing multiple solutions. \nThe papers technical contribution is quite noteworthy as the authors introduce a method based on stochastic gradient descent to reduce the oracle loss efficiently and effectively without being tied to any specific architecture or loss function while also requiring no additional parameters to work with seamlessly. Moreover they conduct an examination of how ensembles evolve during training and in their outputs showing how each ensemble member naturally develops specialization and expertise through training, with sMCL. \nThe results from the experiments are quite remarkable; the authors showcase the range of applications and effectiveness of sMC for training various deep ensemble models in tasks like image classification and semantic segmentation as well as image captioning tasks.. The findings indicate that sMC performs better than traditional ensembles and other competitive benchmarks such as the slower MCL procedure, with 5 times the speed. \nThe paper has strong points, such, as; \nA new and innovative method for enhancing the training of neural networks, in multiple choice learning has been suggested.\nAfter examining how the ensembles were trained and their resulting behaviors it was clear that a detailed analysis had been conducted.\nThe remarkable results, from experiments showcase the range of uses and effectiveness of sMLC.\nThe paper has some shortcomings such, as; \nComparing it thoroughly with techniques, for creating multiple solutions is something that needs to be explored further.\nThe analysis of the complexity of the suggested method is somewhat limited but could be crucial, for larger scale applications.\nThe paper is nicely. The authors make a substantial technical contribution to the deep learning field with their proposed method showing promise, for diverse applications and effectiveness as supported by the experimental findings. \nReasons supporting acceptance; \nThe article suggests an efficient method, for teaching complex neural networks in a multiple choice learning setting. \nThe results, from the experiment show that sMC1 has usefulness and effectiveness. \nThe method is easy to put into practice and works well with any design or loss function without the need, for parameters.\nReasons, in favor of accepting; \nThe absence of a comparison with alternative approaches, to creating multiple solutions.\nThe examination of the intricacy of the suggested method is somewhat restricted.\nVerdict Recommendation. Approval required. The document presents a technological advancement in deep learning and offers an approach that could have broad applicability and effectiveness across different use cases. The results from the experiments show its effectiveness. The method is straightforward to put into practice without the need, for specific parameters. ",
    "ai_likelihood": 0.0023862388398912223,
    "avg_ai_likelihood": 0.0023862388398912223,
    "max_ai_likelihood": 0.0035900539822048614,
    "prediction": "Fully human-written",
    "fraction_ai_content": 0.0,
    "llm_prediction": {
        "GPT35": 0,
        "GPT4": 0,
        "CLAUDE": 0,
        "GOOGLE": 0,
        "OPENAI_O_SERIES": 0,
        "DEEPSEEK": 0,
        "GROK": 0,
        "NOVA": 0,
        "OTHER": 0,
        "HUMAN": 0
    },
    "windows": [
        {
            "text": "This study suggests a method for teaching complex neural networks known as Stochastic Multiple Choice Learning (sMCL). This technique allows for the generation of solutions for a given input situation. The researchers approach the training of a group of networks, as an optimization problem involving stochastic block gradient descent with the aim of reducing the oracle loss \u2013 the best predictors achieved loss in the ensemble. \nThe article is nicely. Presents a straightforward and concise introduction to the issue of multiple choice learning and its significance in different contexts.The section on related research is detailed. Offers a solid summary of current approaches, for instructive ensembles and producing multiple solutions. \nThe papers technical contribution is quite noteworthy as the authors introduce a method based on stochastic gradient descent to reduce the oracle loss efficiently and effectively without being tied to any specific architecture or loss function while also requiring no additional parameters to work with seamlessly. Moreover they conduct an examination of how ensembles evolve during training and in their outputs showing how each ensemble member naturally develops specialization and expertise through training, with sMCL. \nThe results from the experiments are quite remarkable; the authors showcase the range of applications and effectiveness of sMC for training various deep ensemble models in tasks like image classification and semantic segmentation as well as image captioning tasks.. The findings indicate that sMC performs better than traditional ensembles and other competitive benchmarks such as the slower MCL procedure, with 5 times the speed. \nThe paper has strong points, such, as; \nA new and innovative method for enhancing the training of neural networks, in multiple choice learning has been suggested.\nAfter examining how the ensembles were trained and their resulting behaviors it was clear that a detailed analysis had been conducted.\nThe remarkable results, from experiments showcase the range of uses and effectiveness of sMLC.\nThe paper has some shortcomings such, as; \nComparing it thoroughly with techniques, for creating multiple solutions is something that needs to be explored further.\nThe analysis of the complexity of the suggested method is somewhat limited but could be crucial, for larger scale applications.\nThe paper is nicely. The authors make a substantial technical contribution to the deep learning field with their proposed method showing promise, for diverse applications and effectiveness as supported by the experimental findings. \nReasons supporting acceptance; \nThe article suggests an efficient method, for teaching complex neural networks in a multiple choice learning setting. \nThe results, from the experiment show that sMC1 has usefulness and effectiveness. \n",
            "ai_likelihood": 0.0012694464789496528,
            "prediction": "Unlikely AI",
            "llm_prediction": {
                "GPT35": 0.0,
                "GPT4": 0.0,
                "CLAUDE": 0.0,
                "GOOGLE": 0.0,
                "OPENAI_O_SERIES": 0.0,
                "DEEPSEEK": 0.0,
                "GROK": 0.0,
                "NOVA": 0.0,
                "OTHER": 0.0,
                "HUMAN": 0.0
            },
            "metadata": {
                "request_id": "b22b423d-50bd-4971-a278-799fcb5d445e"
            },
            "start_index": 0,
            "end_index": 2849
        },
        {
            "text": " specific architecture or loss function while also requiring no additional parameters to work with seamlessly. Moreover they conduct an examination of how ensembles evolve during training and in their outputs showing how each ensemble member naturally develops specialization and expertise through training, with sMCL. \nThe results from the experiments are quite remarkable; the authors showcase the range of applications and effectiveness of sMC for training various deep ensemble models in tasks like image classification and semantic segmentation as well as image captioning tasks.. The findings indicate that sMC performs better than traditional ensembles and other competitive benchmarks such as the slower MCL procedure, with 5 times the speed. \nThe paper has strong points, such, as; \nA new and innovative method for enhancing the training of neural networks, in multiple choice learning has been suggested.\nAfter examining how the ensembles were trained and their resulting behaviors it was clear that a detailed analysis had been conducted.\nThe remarkable results, from experiments showcase the range of uses and effectiveness of sMLC.\nThe paper has some shortcomings such, as; \nComparing it thoroughly with techniques, for creating multiple solutions is something that needs to be explored further.\nThe analysis of the complexity of the suggested method is somewhat limited but could be crucial, for larger scale applications.\nThe paper is nicely. The authors make a substantial technical contribution to the deep learning field with their proposed method showing promise, for diverse applications and effectiveness as supported by the experimental findings. \nReasons supporting acceptance; \nThe article suggests an efficient method, for teaching complex neural networks in a multiple choice learning setting. \nThe results, from the experiment show that sMC1 has usefulness and effectiveness. \nThe method is easy to put into practice and works well with any design or loss function without the need, for parameters.\nReasons, in favor of accepting; \nThe absence of a comparison with alternative approaches, to creating multiple solutions.\nThe examination of the intricacy of the suggested method is somewhat restricted.\nVerdict Recommendation. Approval required. The document presents a technological advancement in deep learning and offers an approach that could have broad applicability and effectiveness across different use cases. The results from the experiments show its effectiveness. The method is straightforward to put into practice without the need, for specific parameters. ",
            "ai_likelihood": 0.0035900539822048614,
            "prediction": "Unlikely AI",
            "llm_prediction": {
                "GPT35": 0.0,
                "GPT4": 0.0,
                "CLAUDE": 0.0,
                "GOOGLE": 0.0,
                "OPENAI_O_SERIES": 0.0,
                "DEEPSEEK": 0.0,
                "GROK": 0.0,
                "NOVA": 0.0,
                "OTHER": 0.0,
                "HUMAN": 0.0
            },
            "metadata": {
                "request_id": "b22b423d-50bd-4971-a278-799fcb5d445e"
            },
            "start_index": 945,
            "end_index": 3540
        }
    ],
    "window_likelihoods": [
        0.0012694464789496528,
        0.0035900539822048614
    ],
    "window_indices": [
        [
            0,
            2849
        ],
        [
            945,
            3540
        ]
    ],
    "max_chunk_length": 200,
    "min_chunk_length": 160,
    "num_chunks_per_window": 3,
    "metadata": {
        "request_id": "b22b423d-50bd-4971-a278-799fcb5d445e"
    }
}