{
    "text": "The report suggests a change to the CMA Evolution Strategy (ES) an used optimization method that does not rely on derivatives. The researchers propose the Cholesky CMA Evolution Strategy (ES) which substitutes the method of updating the matrix square root with a Cholesky factorization in a triangular form. This adjustment reduces the time complexity from O(d cubed\u200b\u200b\u200b ) to O(mu times d squared) where mu is typically proportional, to log(d). The alteration is backed by theory. Confirmed through empirical evidence that it does not hinder the algorithms efficiency. \nThe article is nicely written with an concise introduction to the CMAES algorithm and its shortcomings provided by the authors.The suggested adjustment is explained in detail. Backed by solid theoretical reasoning.The real world testing is comprehensive as it compares the Cholesky CMAES, against CMAES versions across different benchmark functions. \nThe papers advantages are as follows; \nThe suggested change is innovative. Tackles a notable drawback of the conventional CMA\u2010ES approach. \nThe theoretical reasoning is thorough and clearly articulated. \nThe thorough assessment provides a showcase of how well the Cholesky CMA\u2013ES performs in practice. \nThe paper has some drawbacks, such, as; \nThe article expects readers to have an understanding of optimization and linear algebra concepts which might pose a challenge for those who are not experts, in the field. \nSome readers who are not well versed in optimization may find some of the symbols and vocabulary unfamiliar. \nThe article would be improved by delving into the possible restrictions and downsides of the suggested alteration. \nReasons supporting acceptance; \nThe article suggests an important change, to a commonly used optimization algorithm. \nThe theoretical basis is solid. The practical assessment is thorough. \nThe research paper could have an influence, on the realms of optimization and machine learning. \nOpposing viewpoints; \nThe article might be too technical for the reader as it contains terms and symbols that non experts may not be familiar, with. \nThe paper would be improved by delving into the possible constraints and disadvantages of the suggested alteration. \nI believe it's an idea to approve the paper because it introduces an innovative change, to a popular optimization algorithm with strong theoretical backing and practical testing results that support its effectiveness. Nevertheless I recommend the authors make some adjustments to enhance the papers readability for a readership and delve deeper into discussing potential drawbacks and limitations of the modification suggested.  \nThe quality of the content is rated at 8 out of 10.\nThe article is nicely crafted with an introduction, to the CMA Evolution Strategy (CMAES) algorithm and its constraints highlighted by the authors The suggested alteration is elucidated in detail with a solid theoretical rationale provided. \nThe clarity rating is 7, out of 10.\nThe article presumes that readers have an understanding of optimization and linear algebra concepts which could pose a challenge, for those not well acquainted with the subject matter. \nThe uniqueness score is 9, out of 10.\nThe suggested change is innovative. Tackles a key drawback of the conventional CMA\u2012ES method. \nThe importance levels are an 8, out of 10.\nThe research paper could have an influence, on the optimization and machine learning domain since the CMA\u2013ES algorithm is extensively applied in diverse scenarios. ",
    "ai_likelihood": 0.7965761098411934,
    "avg_ai_likelihood": 0.7965761098411934,
    "max_ai_likelihood": 0.9609375,
    "prediction": "Fully AI-generated (or AI-assisted)",
    "fraction_ai_content": 1.0,
    "llm_prediction": {
        "GPT35": 0.36774545262505615,
        "GPT4": 0.04542648184501213,
        "CLAUDE": 0.018928972364372704,
        "GOOGLE": 0.42054210266998127,
        "OPENAI_O_SERIES": 0.0004069900723748514,
        "DEEPSEEK": 1.7494374083482556e-05,
        "GROK": 7.212331393871855e-06,
        "NOVA": 5.599987888051742e-05,
        "OTHER": 0.035050261604969046,
        "HUMAN": 0.111819032233876
    },
    "windows": [
        {
            "text": "The report suggests a change to the CMA Evolution Strategy (ES) an used optimization method that does not rely on derivatives. The researchers propose the Cholesky CMA Evolution Strategy (ES) which substitutes the method of updating the matrix square root with a Cholesky factorization in a triangular form. This adjustment reduces the time complexity from O(d cubed\u200b\u200b\u200b ) to O(mu times d squared) where mu is typically proportional, to log(d). The alteration is backed by theory. Confirmed through empirical evidence that it does not hinder the algorithms efficiency. \nThe article is nicely written with an concise introduction to the CMAES algorithm and its shortcomings provided by the authors.The suggested adjustment is explained in detail. Backed by solid theoretical reasoning.The real world testing is comprehensive as it compares the Cholesky CMAES, against CMAES versions across different benchmark functions. \nThe papers advantages are as follows; \nThe suggested change is innovative. Tackles a notable drawback of the conventional CMA\u2010ES approach. \nThe theoretical reasoning is thorough and clearly articulated. \nThe thorough assessment provides a showcase of how well the Cholesky CMA\u2013ES performs in practice. \nThe paper has some drawbacks, such, as; \nThe article expects readers to have an understanding of optimization and linear algebra concepts which might pose a challenge for those who are not experts, in the field. \nSome readers who are not well versed in optimization may find some of the symbols and vocabulary unfamiliar. \nThe article would be improved by delving into the possible restrictions and downsides of the suggested alteration. \nReasons supporting acceptance; \nThe article suggests an important change, to a commonly used optimization algorithm. \nThe theoretical basis is solid. The practical assessment is thorough. \nThe research paper could have an influence, on the realms of optimization and machine learning. \nOpposing viewpoints; \nThe article might be too technical for the reader as it contains terms and symbols that non experts may not be familiar, with. \nThe paper would be improved by delving into the possible constraints and disadvantages of the suggested alteration. \nI believe it's an idea to approve the paper because it introduces an innovative change, to a popular optimization algorithm with strong theoretical backing and practical testing results that support its effectiveness. Nevertheless I recommend the authors make some adjustments to enhance the papers readability for a readership and delve deeper into discussing potential drawbacks and limitations of the modification suggested.  \n",
            "ai_likelihood": 0.9609375,
            "prediction": "Highly Likely AI",
            "llm_prediction": {
                "GPT35": 0.5556640625,
                "GPT4": 0.0400390625,
                "CLAUDE": 0.008575439453125,
                "GOOGLE": 0.327880859375,
                "OPENAI_O_SERIES": 0.0002231597900390625,
                "DEEPSEEK": 1.8775463104248047e-05,
                "GROK": 9.47713851928711e-06,
                "NOVA": 8.422136306762695e-05,
                "OTHER": 0.015899658203125,
                "HUMAN": 0.0513916015625
            },
            "metadata": {
                "request_id": "a7e80be2-dde6-4ea9-9073-f0dc57b7ab0a"
            },
            "start_index": 0,
            "end_index": 2645
        },
        {
            "text": "The papers advantages are as follows; \nThe suggested change is innovative. Tackles a notable drawback of the conventional CMA\u2010ES approach. \nThe theoretical reasoning is thorough and clearly articulated. \nThe thorough assessment provides a showcase of how well the Cholesky CMA\u2013ES performs in practice. \nThe paper has some drawbacks, such, as; \nThe article expects readers to have an understanding of optimization and linear algebra concepts which might pose a challenge for those who are not experts, in the field. \nSome readers who are not well versed in optimization may find some of the symbols and vocabulary unfamiliar. \nThe article would be improved by delving into the possible restrictions and downsides of the suggested alteration. \nReasons supporting acceptance; \nThe article suggests an important change, to a commonly used optimization algorithm. \nThe theoretical basis is solid. The practical assessment is thorough. \nThe research paper could have an influence, on the realms of optimization and machine learning. \nOpposing viewpoints; \nThe article might be too technical for the reader as it contains terms and symbols that non experts may not be familiar, with. \nThe paper would be improved by delving into the possible constraints and disadvantages of the suggested alteration. \nI believe it's an idea to approve the paper because it introduces an innovative change, to a popular optimization algorithm with strong theoretical backing and practical testing results that support its effectiveness. Nevertheless I recommend the authors make some adjustments to enhance the papers readability for a readership and delve deeper into discussing potential drawbacks and limitations of the modification suggested.  \nThe quality of the content is rated at 8 out of 10.\nThe article is nicely crafted with an introduction, to the CMA Evolution Strategy (CMAES) algorithm and its constraints highlighted by the authors The suggested alteration is elucidated in detail with a solid theoretical rationale provided. \nThe clarity rating is 7, out of 10.\nThe article presumes that readers have an understanding of optimization and linear algebra concepts which could pose a challenge, for those not well acquainted with the subject matter. \nThe uniqueness score is 9, out of 10.\nThe suggested change is innovative. Tackles a key drawback of the conventional CMA\u2012ES method. \nThe importance levels are an 8, out of 10.\nThe research paper could have an influence, on the optimization and machine learning domain since the CMA\u2013ES algorithm is extensively applied in diverse scenarios. ",
            "ai_likelihood": 0.6337890624999999,
            "prediction": "Likely AI",
            "llm_prediction": {
                "GPT35": 0.1798095703125,
                "GPT4": 0.050811767578125,
                "CLAUDE": 0.0292816162109375,
                "GOOGLE": 0.51318359375,
                "OPENAI_O_SERIES": 0.0005908012390136719,
                "DEEPSEEK": 1.621246337890625e-05,
                "GROK": 4.947185516357422e-06,
                "NOVA": 2.777576446533203e-05,
                "OTHER": 0.05419921875,
                "HUMAN": 0.1722412109375
            },
            "metadata": {
                "request_id": "a7e80be2-dde6-4ea9-9073-f0dc57b7ab0a"
            },
            "start_index": 920,
            "end_index": 3501
        }
    ],
    "window_likelihoods": [
        0.9609375,
        0.6337890624999999
    ],
    "window_indices": [
        [
            0,
            2645
        ],
        [
            920,
            3501
        ]
    ],
    "max_chunk_length": 200,
    "min_chunk_length": 160,
    "num_chunks_per_window": 3,
    "metadata": {
        "request_id": "a7e80be2-dde6-4ea9-9073-f0dc57b7ab0a"
    }
}