{
    "text": "This study introduces a method for studying and examining digital crowdsourcing (CS). It utilizes an information theory based rate distortion framework to analyze CS systems.The writers goal is to determine the level of accuracy attainable through any crowd query method and decoding algorithm within a specified budget limit.This article is well crafted. Offers a comprehensive introduction, to the intricacies of CS and the obstacles it presents. \nThe primary focus of the paper lies in creating a communication system model tailored for crowd sourcing (CS) facilitating an in depth exploration of CSs core performance boundaries. The researchers depict the crowd as parallel channels, with varying degrees of skill imperfections to illustrate their model effectively. Additionally they introduce a query approach known as k ary incidence coding that demonstrates enhanced efficiency when compared to query techniques. \nThe papers strong points lie in its method of depicting CS systems the clear and concise language used throughout the text and the thorough examination of the performance boundaries, in CS are commendable traits The authors also present findings and contrasts with established techniques proving the efficacy of their strategy. \nNevertheless the paper does possess flaws as well; one notable drawback is the authors\u2019 reliance on a basic model, for assessing workers\u2019 capabilities which might not align with real life situations accurately enough. Furthermore the paper predominantly delves into exploration of CS systems and lacks substantial guidance on how to practically apply the proposed techniques. \nThe paper introduces a perspective on modeling and studying CS systems that makes a notable impact, in the field of research. Additionally the authors propose a query method called k ply occurrence encoding that exhibits enhanced efficiency as opposed to conventional query methods. \nThe importance of the paper is in how it can help us grasp the capabilities of CS systems better.The method used by the authors could be employed to create and enhance CS systems.This could greatly influence areas, like machine learning,data annotation and community research initiatives. \nIn my opinion I believe it would be an idea to approve this paper for publication since it introduces a fresh and important aspect, to the realm of computer science. Nevertheless I would advise the authors to acknowledge the shortcomings of their method and delve deeper into explaining how their approach can be put into practice. \nHere are some reasons to consider accepting the proposal; \nA fresh method, for simulating and studying computer science systems.\nSimple and straightforward writing style \nIn depth examination of the boundaries of computer science.\nA introduced search method called k binary incidence coding has demonstrated enhanced efficiency.\n Made an impact in the realm of computer science.\nPoints supporting acceptance; \nA basic framework, for evaluating employees\u2019 expertise levels.\nThere is not understanding about how to actually put the suggested methods into practice.\nWhen analyzing theories, in depth and exploring their implications within contexts isn't given significant emphasis. ",
    "ai_likelihood": 0.02648889704485464,
    "avg_ai_likelihood": 0.02648889704485464,
    "max_ai_likelihood": 0.039910210503472224,
    "prediction": "Fully human-written",
    "fraction_ai_content": 0.0,
    "llm_prediction": {
        "GPT35": 0,
        "GPT4": 0,
        "CLAUDE": 0,
        "GOOGLE": 0,
        "OPENAI_O_SERIES": 0,
        "DEEPSEEK": 0,
        "GROK": 0,
        "NOVA": 0,
        "OTHER": 0,
        "HUMAN": 0
    },
    "windows": [
        {
            "text": "This study introduces a method for studying and examining digital crowdsourcing (CS). It utilizes an information theory based rate distortion framework to analyze CS systems.The writers goal is to determine the level of accuracy attainable through any crowd query method and decoding algorithm within a specified budget limit.This article is well crafted. Offers a comprehensive introduction, to the intricacies of CS and the obstacles it presents. \nThe primary focus of the paper lies in creating a communication system model tailored for crowd sourcing (CS) facilitating an in depth exploration of CSs core performance boundaries. The researchers depict the crowd as parallel channels, with varying degrees of skill imperfections to illustrate their model effectively. Additionally they introduce a query approach known as k ary incidence coding that demonstrates enhanced efficiency when compared to query techniques. \nThe papers strong points lie in its method of depicting CS systems the clear and concise language used throughout the text and the thorough examination of the performance boundaries, in CS are commendable traits The authors also present findings and contrasts with established techniques proving the efficacy of their strategy. \nNevertheless the paper does possess flaws as well; one notable drawback is the authors\u2019 reliance on a basic model, for assessing workers\u2019 capabilities which might not align with real life situations accurately enough. Furthermore the paper predominantly delves into exploration of CS systems and lacks substantial guidance on how to practically apply the proposed techniques. \nThe paper introduces a perspective on modeling and studying CS systems that makes a notable impact, in the field of research. Additionally the authors propose a query method called k ply occurrence encoding that exhibits enhanced efficiency as opposed to conventional query methods. \nThe importance of the paper is in how it can help us grasp the capabilities of CS systems better.The method used by the authors could be employed to create and enhance CS systems.This could greatly influence areas, like machine learning,data annotation and community research initiatives. \nIn my opinion I believe it would be an idea to approve this paper for publication since it introduces a fresh and important aspect, to the realm of computer science. Nevertheless I would advise the authors to acknowledge the shortcomings of their method and delve deeper into explaining how their approach can be put into practice. \nHere are some reasons to consider accepting the proposal; \nA fresh method, for simulating and studying computer science systems.\nSimple and straightforward writing style \nIn depth examination of the boundaries of computer science.\nA introduced search method called k binary incidence coding has demonstrated enhanced efficiency.\n Made an impact in the realm of computer science.\n",
            "ai_likelihood": 0.039910210503472224,
            "prediction": "Unlikely AI",
            "llm_prediction": {
                "GPT35": 0.0,
                "GPT4": 0.0,
                "CLAUDE": 0.0,
                "GOOGLE": 0.0,
                "OPENAI_O_SERIES": 0.0,
                "DEEPSEEK": 0.0,
                "GROK": 0.0,
                "NOVA": 0.0,
                "OTHER": 0.0,
                "HUMAN": 0.0
            },
            "metadata": {
                "request_id": "0900f38d-6477-4122-a9d0-8c2fe7e73e3d"
            },
            "start_index": 0,
            "end_index": 2914
        },
        {
            "text": "The papers strong points lie in its method of depicting CS systems the clear and concise language used throughout the text and the thorough examination of the performance boundaries, in CS are commendable traits The authors also present findings and contrasts with established techniques proving the efficacy of their strategy. \nNevertheless the paper does possess flaws as well; one notable drawback is the authors\u2019 reliance on a basic model, for assessing workers\u2019 capabilities which might not align with real life situations accurately enough. Furthermore the paper predominantly delves into exploration of CS systems and lacks substantial guidance on how to practically apply the proposed techniques. \nThe paper introduces a perspective on modeling and studying CS systems that makes a notable impact, in the field of research. Additionally the authors propose a query method called k ply occurrence encoding that exhibits enhanced efficiency as opposed to conventional query methods. \nThe importance of the paper is in how it can help us grasp the capabilities of CS systems better.The method used by the authors could be employed to create and enhance CS systems.This could greatly influence areas, like machine learning,data annotation and community research initiatives. \nIn my opinion I believe it would be an idea to approve this paper for publication since it introduces a fresh and important aspect, to the realm of computer science. Nevertheless I would advise the authors to acknowledge the shortcomings of their method and delve deeper into explaining how their approach can be put into practice. \nHere are some reasons to consider accepting the proposal; \nA fresh method, for simulating and studying computer science systems.\nSimple and straightforward writing style \nIn depth examination of the boundaries of computer science.\nA introduced search method called k binary incidence coding has demonstrated enhanced efficiency.\n Made an impact in the realm of computer science.\nPoints supporting acceptance; \nA basic framework, for evaluating employees\u2019 expertise levels.\nThere is not understanding about how to actually put the suggested methods into practice.\nWhen analyzing theories, in depth and exploring their implications within contexts isn't given significant emphasis. ",
            "ai_likelihood": 0.009401109483506944,
            "prediction": "Unlikely AI",
            "llm_prediction": {
                "GPT35": 0.0,
                "GPT4": 0.0,
                "CLAUDE": 0.0,
                "GOOGLE": 0.0,
                "OPENAI_O_SERIES": 0.0,
                "DEEPSEEK": 0.0,
                "GROK": 0.0,
                "NOVA": 0.0,
                "OTHER": 0.0,
                "HUMAN": 0.0
            },
            "metadata": {
                "request_id": "0900f38d-6477-4122-a9d0-8c2fe7e73e3d"
            },
            "start_index": 922,
            "end_index": 3215
        }
    ],
    "window_likelihoods": [
        0.039910210503472224,
        0.009401109483506944
    ],
    "window_indices": [
        [
            0,
            2914
        ],
        [
            922,
            3215
        ]
    ],
    "max_chunk_length": 200,
    "min_chunk_length": 160,
    "num_chunks_per_window": 3,
    "metadata": {
        "request_id": "0900f38d-6477-4122-a9d0-8c2fe7e73e3d"
    }
}