{
    "text": "This article discusses two discoveries, about the probability distribution of Gaussian mixture models (GMMs) each containing at least three components.The initial finding reveals that the probability distribution can contain peaks in certain scenarios involving equally weighted mixtures of distinct and spherical Gaussians.This answers a lingering query posed by Srebro [2007] shedding light on how this impacts the application of the Expectation Maximization algorithm. The second outcome shows that the EM algorithm or its first order version will likely reach critical points when starting randomly \u2013 emphasizing the need, for precise initialization. \nThe paper is nicely written and well structured; it offers an overview of the issues background and rationale in a clear manner. The authors thoroughly examine the population likelihood function and the EM algorithm while their proofs introduce methods, for discussing the structure of the population log likelihood. \nThe papers notable attributes are; \nBy resolving a lingering question in the field with practical implications, for the application of the EM algorithm. \nThe new methods, for examining the likelihood of a populations data could also work well with non linear optimization challenges. \nThe results are presented clearly and thoroughly in a way that can be easily understood by an audience. \nThe paper has some drawbacks such, as; \nThe idea of combining weighted mixtures of well separated and spherical Gaussians may not always reflect the reality in various practical scenarios. \nThe absence of data to confirm the theoretical discoveries is a hindrance, in underlining the significance of precise initialization procedures. \nThe paper excels, in meeting the review criteria.\nThe paper is solid, in terms of content and the arguments are backed by thorough theoretical analysis. \nThe paper presents methods for examining the population log probability and addresses a longstanding inquiry, within the field. \nThe findings carry importance for applying the EM algorithm in real world scenarios and underscore the significance of meticulous initial setup. \nHowever the paper doesn't perform well in the following areas; \nThe paper is nicely written; however non experts might find some of the aspects hard to understand. \nIn my opinion this paper should be approved for publication as it offers unique insights, in the area of machine learning and statistics.  \nPoints supporting acceptance; \nA lingering inquiry, in the domain has been resolved. \nIntroducing methods, for examining the populations log probability calculations. \nThe results were presented clearly and thoroughly. \nReasons to agree; \nIn scenarios the assumption of an evenly balanced combination of distinct and rounded Gaussians might not accurately reflect reality. \nThere is a shortage of experimental data to confirm the theoretical discoveries. ",
    "ai_likelihood": 0.00042925885936414307,
    "avg_ai_likelihood": 0.00042925885936414307,
    "max_ai_likelihood": 0.0006193584865993924,
    "prediction": "Fully human-written",
    "fraction_ai_content": 0.0,
    "llm_prediction": {
        "GPT35": 0,
        "GPT4": 0,
        "CLAUDE": 0,
        "GOOGLE": 0,
        "OPENAI_O_SERIES": 0,
        "DEEPSEEK": 0,
        "GROK": 0,
        "NOVA": 0,
        "OTHER": 0,
        "HUMAN": 0
    },
    "windows": [
        {
            "text": "This article discusses two discoveries, about the probability distribution of Gaussian mixture models (GMMs) each containing at least three components.The initial finding reveals that the probability distribution can contain peaks in certain scenarios involving equally weighted mixtures of distinct and spherical Gaussians.This answers a lingering query posed by Srebro [2007] shedding light on how this impacts the application of the Expectation Maximization algorithm. The second outcome shows that the EM algorithm or its first order version will likely reach critical points when starting randomly \u2013 emphasizing the need, for precise initialization. \nThe paper is nicely written and well structured; it offers an overview of the issues background and rationale in a clear manner. The authors thoroughly examine the population likelihood function and the EM algorithm while their proofs introduce methods, for discussing the structure of the population log likelihood. \nThe papers notable attributes are; \nBy resolving a lingering question in the field with practical implications, for the application of the EM algorithm. \nThe new methods, for examining the likelihood of a populations data could also work well with non linear optimization challenges. \nThe results are presented clearly and thoroughly in a way that can be easily understood by an audience. \nThe paper has some drawbacks such, as; \nThe idea of combining weighted mixtures of well separated and spherical Gaussians may not always reflect the reality in various practical scenarios. \nThe absence of data to confirm the theoretical discoveries is a hindrance, in underlining the significance of precise initialization procedures. \nThe paper excels, in meeting the review criteria.\nThe paper is solid, in terms of content and the arguments are backed by thorough theoretical analysis. \nThe paper presents methods for examining the population log probability and addresses a longstanding inquiry, within the field. \nThe findings carry importance for applying the EM algorithm in real world scenarios and underscore the significance of meticulous initial setup. \nHowever the paper doesn't perform well in the following areas; \nThe paper is nicely written; however non experts might find some of the aspects hard to understand. \nIn my opinion this paper should be approved for publication as it offers unique insights, in the area of machine learning and statistics.  \nPoints supporting acceptance; \nA lingering inquiry, in the domain has been resolved. \nIntroducing methods, for examining the populations log probability calculations. \nThe results were presented clearly and thoroughly. \nReasons to agree; \n",
            "ai_likelihood": 0.0002884864807128906,
            "prediction": "Unlikely AI",
            "llm_prediction": {
                "GPT35": 0.0,
                "GPT4": 0.0,
                "CLAUDE": 0.0,
                "GOOGLE": 0.0,
                "OPENAI_O_SERIES": 0.0,
                "DEEPSEEK": 0.0,
                "GROK": 0.0,
                "NOVA": 0.0,
                "OTHER": 0.0,
                "HUMAN": 0.0
            },
            "metadata": {
                "request_id": "72f19aaf-0c9e-4481-acf1-a1c99c47e044"
            },
            "start_index": 0,
            "end_index": 2673
        },
        {
            "text": "The papers notable attributes are; \nBy resolving a lingering question in the field with practical implications, for the application of the EM algorithm. \nThe new methods, for examining the likelihood of a populations data could also work well with non linear optimization challenges. \nThe results are presented clearly and thoroughly in a way that can be easily understood by an audience. \nThe paper has some drawbacks such, as; \nThe idea of combining weighted mixtures of well separated and spherical Gaussians may not always reflect the reality in various practical scenarios. \nThe absence of data to confirm the theoretical discoveries is a hindrance, in underlining the significance of precise initialization procedures. \nThe paper excels, in meeting the review criteria.\nThe paper is solid, in terms of content and the arguments are backed by thorough theoretical analysis. \nThe paper presents methods for examining the population log probability and addresses a longstanding inquiry, within the field. \nThe findings carry importance for applying the EM algorithm in real world scenarios and underscore the significance of meticulous initial setup. \nHowever the paper doesn't perform well in the following areas; \nThe paper is nicely written; however non experts might find some of the aspects hard to understand. \nIn my opinion this paper should be approved for publication as it offers unique insights, in the area of machine learning and statistics.  \nPoints supporting acceptance; \nA lingering inquiry, in the domain has been resolved. \nIntroducing methods, for examining the populations log probability calculations. \nThe results were presented clearly and thoroughly. \nReasons to agree; \nIn scenarios the assumption of an evenly balanced combination of distinct and rounded Gaussians might not accurately reflect reality. \nThere is a shortage of experimental data to confirm the theoretical discoveries. ",
            "ai_likelihood": 0.0006193584865993924,
            "prediction": "Unlikely AI",
            "llm_prediction": {
                "GPT35": 0.0,
                "GPT4": 0.0,
                "CLAUDE": 0.0,
                "GOOGLE": 0.0,
                "OPENAI_O_SERIES": 0.0,
                "DEEPSEEK": 0.0,
                "GROK": 0.0,
                "NOVA": 0.0,
                "OTHER": 0.0,
                "HUMAN": 0.0
            },
            "metadata": {
                "request_id": "72f19aaf-0c9e-4481-acf1-a1c99c47e044"
            },
            "start_index": 974,
            "end_index": 2889
        }
    ],
    "window_likelihoods": [
        0.0002884864807128906,
        0.0006193584865993924
    ],
    "window_indices": [
        [
            0,
            2673
        ],
        [
            974,
            2889
        ]
    ],
    "max_chunk_length": 200,
    "min_chunk_length": 160,
    "num_chunks_per_window": 3,
    "metadata": {
        "request_id": "72f19aaf-0c9e-4481-acf1-a1c99c47e044"
    }
}