{
    "text": "The paper presents Sparse Access Memory (SAM) a type of neural memory design that allows for effective training of neural networks with extensive external memories.The authors tackle the issue of expanding memory augmented neural networks (MANNs) by introducing a method for sparse reading and writing that lowers the computational and memory load compared to conventional MANNs.The paper thoroughly examines the architectures theoretical basis through experiments and comparisons, with other models. \nThe central themes of this paper revolve around studies on MANNs like Neural Turing Machines (NTMs) and Memory Networks. They enhance these structures by introducing a sparse access mechanism that enhances efficiency and memory utilization. Furthermore the paper establishes links to research domains such, as attention mechanisms content based addressing and approximate nearest neighbor search. \nThe paper excels, in the following aspects; \nA new method of access has been introduced to facilitate the effective training of Memory Augmented Neural Networks (MANNs), with extensive external memory capabilities. \nAn, in depth examination of the basis of the suggested structures time and spatial intricacies is conducted. \nThe proposed architectures effectiveness is showcased through assessments across various tasks such, as synthetic and natural language processing tasks. \nReferences to established models such, as NTMs and Memory Networks are made to showcase the benefits of the suggested framework. \nThe papers shortcomings are as follows; \nThe suggested design might need adjustment of hyperparameters, like the degree of sparsity and the selection of an approximate nearest neighbor search method. \nThe paper suggests a way of limited access that might not work for all kinds of MANNs. \nThe tests conducted mainly involve tasks and there is uncertainty about how effective the suggested design will be, for tackling more challenging real life tasks. \nReasons supporting approval; \nThe article presents an effective design, for teaching MANNs with extensive external memories. \nThe suggested structure could open up opportunities for the usage of MANNs in fields, like language processing and visual computing. \nThe document offers an examination of the theoretical underpinnings and practical assessments of the suggested framework. \nReasons to not agree with this; \nThe document might need testing, in real life situations to completely prove how well the new design works on tougher tasks. \nThe suggested design might need adjustment of hyperparameters that could potentially restrict its practical application. \nThe document assumes a type of limited access that might not be suitable, for all varieties of MANNs. \nIn terms of content and knowledge in the domain of neural networks and memory augmented neural networks are significantly enriched by this papers findings. The suggested framework offers the promise of opening up possibilities for MANNs usage and offers a comprehensive examination of its theoretical groundwork and practical assessments. Though there are weaknesses and probable constraints acknowledged in the study; it showcases a grasp of the subject matter while offering a well reasoned and skillfully implemented addition, to the field. ",
    "ai_likelihood": 1.0,
    "avg_ai_likelihood": 1.0,
    "max_ai_likelihood": 1.0,
    "prediction": "Fully AI-generated (or AI-assisted)",
    "fraction_ai_content": 1.0,
    "llm_prediction": {
        "GPT35": 0.7180075209279407,
        "GPT4": 0.08711120658316927,
        "CLAUDE": 0.0014149944470110507,
        "GOOGLE": 0.16389235766505889,
        "OPENAI_O_SERIES": 2.02652953657859e-05,
        "DEEPSEEK": 5.781569560238918e-06,
        "GROK": 2.3543504910251263e-06,
        "NOVA": 2.565944016167891e-05,
        "OTHER": 0.02897412723780269,
        "HUMAN": 0.0005457324834386343
    },
    "windows": [
        {
            "text": "The paper presents Sparse Access Memory (SAM) a type of neural memory design that allows for effective training of neural networks with extensive external memories.The authors tackle the issue of expanding memory augmented neural networks (MANNs) by introducing a method for sparse reading and writing that lowers the computational and memory load compared to conventional MANNs.The paper thoroughly examines the architectures theoretical basis through experiments and comparisons, with other models. \nThe central themes of this paper revolve around studies on MANNs like Neural Turing Machines (NTMs) and Memory Networks. They enhance these structures by introducing a sparse access mechanism that enhances efficiency and memory utilization. Furthermore the paper establishes links to research domains such, as attention mechanisms content based addressing and approximate nearest neighbor search. \nThe paper excels, in the following aspects; \nA new method of access has been introduced to facilitate the effective training of Memory Augmented Neural Networks (MANNs), with extensive external memory capabilities. \nAn, in depth examination of the basis of the suggested structures time and spatial intricacies is conducted. \nThe proposed architectures effectiveness is showcased through assessments across various tasks such, as synthetic and natural language processing tasks. \nReferences to established models such, as NTMs and Memory Networks are made to showcase the benefits of the suggested framework. \nThe papers shortcomings are as follows; \nThe suggested design might need adjustment of hyperparameters, like the degree of sparsity and the selection of an approximate nearest neighbor search method. \nThe paper suggests a way of limited access that might not work for all kinds of MANNs. \nThe tests conducted mainly involve tasks and there is uncertainty about how effective the suggested design will be, for tackling more challenging real life tasks. \nReasons supporting approval; \nThe article presents an effective design, for teaching MANNs with extensive external memories. \nThe suggested structure could open up opportunities for the usage of MANNs in fields, like language processing and visual computing. \nThe document offers an examination of the theoretical underpinnings and practical assessments of the suggested framework. \nReasons to not agree with this; \nThe document might need testing, in real life situations to completely prove how well the new design works on tougher tasks. \nThe suggested design might need adjustment of hyperparameters that could potentially restrict its practical application. \nThe document assumes a type of limited access that might not be suitable, for all varieties of MANNs. \n",
            "ai_likelihood": 1.0,
            "prediction": "Highly Likely AI",
            "llm_prediction": {
                "GPT35": 0.5380859375,
                "GPT4": 0.13037109375,
                "CLAUDE": 0.0018787384033203125,
                "GOOGLE": 0.27490234375,
                "OPENAI_O_SERIES": 3.039836883544922e-05,
                "DEEPSEEK": 1.0013580322265625e-05,
                "GROK": 3.7550926208496094e-06,
                "NOVA": 4.738569259643555e-05,
                "OTHER": 0.054443359375,
                "HUMAN": 0.0004229545593261719
            },
            "metadata": {
                "request_id": "a04209fe-700b-49c3-b3c3-83960d7bc3c8"
            },
            "start_index": 0,
            "end_index": 2730
        },
        {
            "text": "A new method of access has been introduced to facilitate the effective training of Memory Augmented Neural Networks (MANNs), with extensive external memory capabilities. \nAn, in depth examination of the basis of the suggested structures time and spatial intricacies is conducted. \nThe proposed architectures effectiveness is showcased through assessments across various tasks such, as synthetic and natural language processing tasks. \nReferences to established models such, as NTMs and Memory Networks are made to showcase the benefits of the suggested framework. \nThe papers shortcomings are as follows; \nThe suggested design might need adjustment of hyperparameters, like the degree of sparsity and the selection of an approximate nearest neighbor search method. \nThe paper suggests a way of limited access that might not work for all kinds of MANNs. \nThe tests conducted mainly involve tasks and there is uncertainty about how effective the suggested design will be, for tackling more challenging real life tasks. \nReasons supporting approval; \nThe article presents an effective design, for teaching MANNs with extensive external memories. \nThe suggested structure could open up opportunities for the usage of MANNs in fields, like language processing and visual computing. \nThe document offers an examination of the theoretical underpinnings and practical assessments of the suggested framework. \nReasons to not agree with this; \nThe document might need testing, in real life situations to completely prove how well the new design works on tougher tasks. \nThe suggested design might need adjustment of hyperparameters that could potentially restrict its practical application. \nThe document assumes a type of limited access that might not be suitable, for all varieties of MANNs. \nIn terms of content and knowledge in the domain of neural networks and memory augmented neural networks are significantly enriched by this papers findings. The suggested framework offers the promise of opening up possibilities for MANNs usage and offers a comprehensive examination of its theoretical groundwork and practical assessments. Though there are weaknesses and probable constraints acknowledged in the study; it showcases a grasp of the subject matter while offering a well reasoned and skillfully implemented addition, to the field. ",
            "ai_likelihood": 1.0,
            "prediction": "Highly Likely AI",
            "llm_prediction": {
                "GPT35": 0.89794921875,
                "GPT4": 0.043853759765625,
                "CLAUDE": 0.0009512901306152344,
                "GOOGLE": 0.052886962890625,
                "OPENAI_O_SERIES": 1.0132789611816406e-05,
                "DEEPSEEK": 1.5497207641601562e-06,
                "GROK": 9.5367431640625e-07,
                "NOVA": 3.933906555175781e-06,
                "OTHER": 0.003505706787109375,
                "HUMAN": 0.0006685256958007812
            },
            "metadata": {
                "request_id": "a04209fe-700b-49c3-b3c3-83960d7bc3c8"
            },
            "start_index": 945,
            "end_index": 3274
        }
    ],
    "window_likelihoods": [
        1.0,
        1.0
    ],
    "window_indices": [
        [
            0,
            2730
        ],
        [
            945,
            3274
        ]
    ],
    "max_chunk_length": 200,
    "min_chunk_length": 160,
    "num_chunks_per_window": 3,
    "metadata": {
        "request_id": "a04209fe-700b-49c3-b3c3-83960d7bc3c8"
    }
}