{
    "text": "This research paper introduces an approach to understanding how strategic buyers operate within a specific timeframe for making purchases of items they desire, taking into account competitive scenarios where the buyers value and time window are strategically chosen by an adversary. The key innovation presented in this paper is the creation of an algorithm that limits regret, to O(T^\u200b \u200b \u200b \u200b ^\u200b \u200b ^\u200b \u200b\u200b\u200b\u200b\u200b\u200b\u200b\u200b\u200b\u200b\u200b\u200b \u200b^\u200b ^\u200b \u200b\u200b\u200b\u200b\u200b\u200b^. The authors have established a bound of \u03a9(T^\u200b \u200b\u200b\u200b\u200b^^\u200b \u200b  ) to match this regret level illustrating the precision of the proposed algorithm. \nThe essay is nicely crafted and straightforward to understand; it offers descriptions of the models components and algorithmic processes along with supporting evidence for their claims.The authors delve deeply into the issue at hand by examining existing research. How their findings may impact the field.The strategy of utilizing a reduction approach, from a arm bandit scenario incorporating switching expenses to establish the lower limit stands out as quite ingenious. \nThe papers notable attributes comprise; \nA new model, for buyers has been created to better understand the intricate pricing situations found in real world scenarios.\nCrafting an algorithm for use that minimizes regret, within narrow bounds.\nThe presentation of a minimum limit confirms the effectiveness of the algorithm.\nThe straightforward and succinct writing approach makes the document simple to understand.\nThe paper has some flaws such, as; \nIn some cases the idea of an environment may not align with reality.\nThe models restriction to one seller and one item might not fully encompass the complexities found in scenarios involving multiple sellers or multiple items.\nThe absence of testing could offer more understanding on how well the algorithm works in real world situations.\nThe study makes an impact in the realm of online education and pricing strategies and offers valuable insights, for both professionals and academics alike. \nReasons to consider; \nThe article introduces an important addition, to the realm of online education and pricing.\nThe findings are compelling. Carry significant implications, for both professionals and researchers. \nThe essay is nicely. Simple to understand. It provides descriptions of the models workings and the supporting algorithm and evidence.\nThe strategy of simplifying a arm bandit issue with transition expenses to establish the minimum limit is quite ingenious.\nReasons to not agree with it; \nIn some cases it may not be practical to operate under the assumption of an environment.\nThe models restriction to one seller and one item might not fully encompass the intricacies of scenarios involving multiple sellers or multiple items.\nThe papers effectiveness and practical relevance may be hindered by the absence of assessment for practitioners to derive value from it fully. ",
    "ai_likelihood": 0.19278097895895074,
    "avg_ai_likelihood": 0.19278097895895074,
    "max_ai_likelihood": 0.4383680555555556,
    "prediction": "Uncertain: Possibly mixed content or heavily prompted AI outputs",
    "fraction_ai_content": 0.0,
    "llm_prediction": {
        "GPT35": 0,
        "GPT4": 0,
        "CLAUDE": 0,
        "GOOGLE": 0,
        "OPENAI_O_SERIES": 0,
        "DEEPSEEK": 0,
        "GROK": 0,
        "NOVA": 0,
        "OTHER": 0,
        "HUMAN": 0
    },
    "windows": [
        {
            "text": "This research paper introduces an approach to understanding how strategic buyers operate within a specific timeframe for making purchases of items they desire, taking into account competitive scenarios where the buyers value and time window are strategically chosen by an adversary. The key innovation presented in this paper is the creation of an algorithm that limits regret, to O(T^\u200b \u200b \u200b \u200b ^\u200b \u200b ^\u200b \u200b\u200b\u200b\u200b\u200b\u200b\u200b\u200b\u200b\u200b\u200b\u200b \u200b^\u200b ^\u200b \u200b\u200b\u200b\u200b\u200b\u200b^. The authors have established a bound of \u03a9(T^\u200b \u200b\u200b\u200b\u200b^^\u200b \u200b  ) to match this regret level illustrating the precision of the proposed algorithm. \nThe essay is nicely crafted and straightforward to understand; it offers descriptions of the models components and algorithmic processes along with supporting evidence for their claims.The authors delve deeply into the issue at hand by examining existing research. How their findings may impact the field.The strategy of utilizing a reduction approach, from a arm bandit scenario incorporating switching expenses to establish the lower limit stands out as quite ingenious. \nThe papers notable attributes comprise; \nA new model, for buyers has been created to better understand the intricate pricing situations found in real world scenarios.\nCrafting an algorithm for use that minimizes regret, within narrow bounds.\nThe presentation of a minimum limit confirms the effectiveness of the algorithm.\nThe straightforward and succinct writing approach makes the document simple to understand.\nThe paper has some flaws such, as; \nIn some cases the idea of an environment may not align with reality.\nThe models restriction to one seller and one item might not fully encompass the complexities found in scenarios involving multiple sellers or multiple items.\nThe absence of testing could offer more understanding on how well the algorithm works in real world situations.\nThe study makes an impact in the realm of online education and pricing strategies and offers valuable insights, for both professionals and academics alike. \nReasons to consider; \nThe article introduces an important addition, to the realm of online education and pricing.\nThe findings are compelling. Carry significant implications, for both professionals and researchers. \nThe essay is nicely. Simple to understand. It provides descriptions of the models workings and the supporting algorithm and evidence.\nThe strategy of simplifying a arm bandit issue with transition expenses to establish the minimum limit is quite ingenious.\nReasons to not agree with it; \nIn some cases it may not be practical to operate under the assumption of an environment.\n",
            "ai_likelihood": 0.0015491909450954862,
            "prediction": "Unlikely AI",
            "llm_prediction": {
                "GPT35": 0.0,
                "GPT4": 0.0,
                "CLAUDE": 0.0,
                "GOOGLE": 0.0,
                "OPENAI_O_SERIES": 0.0,
                "DEEPSEEK": 0.0,
                "GROK": 0.0,
                "NOVA": 0.0,
                "OTHER": 0.0,
                "HUMAN": 0.0
            },
            "metadata": {
                "request_id": "a68414aa-d7ef-4661-afc9-39350c6ee315"
            },
            "start_index": 0,
            "end_index": 2584
        },
        {
            "text": ".The authors delve deeply into the issue at hand by examining existing research. How their findings may impact the field.The strategy of utilizing a reduction approach, from a arm bandit scenario incorporating switching expenses to establish the lower limit stands out as quite ingenious. \nThe papers notable attributes comprise; \nA new model, for buyers has been created to better understand the intricate pricing situations found in real world scenarios.\nCrafting an algorithm for use that minimizes regret, within narrow bounds.\nThe presentation of a minimum limit confirms the effectiveness of the algorithm.\nThe straightforward and succinct writing approach makes the document simple to understand.\nThe paper has some flaws such, as; \nIn some cases the idea of an environment may not align with reality.\nThe models restriction to one seller and one item might not fully encompass the complexities found in scenarios involving multiple sellers or multiple items.\nThe absence of testing could offer more understanding on how well the algorithm works in real world situations.\nThe study makes an impact in the realm of online education and pricing strategies and offers valuable insights, for both professionals and academics alike. \nReasons to consider; \nThe article introduces an important addition, to the realm of online education and pricing.\nThe findings are compelling. Carry significant implications, for both professionals and researchers. \nThe essay is nicely. Simple to understand. It provides descriptions of the models workings and the supporting algorithm and evidence.\nThe strategy of simplifying a arm bandit issue with transition expenses to establish the minimum limit is quite ingenious.\nReasons to not agree with it; \nIn some cases it may not be practical to operate under the assumption of an environment.\nThe models restriction to one seller and one item might not fully encompass the intricacies of scenarios involving multiple sellers or multiple items.\nThe papers effectiveness and practical relevance may be hindered by the absence of assessment for practitioners to derive value from it fully. ",
            "ai_likelihood": 0.4383680555555556,
            "prediction": "Possibly AI",
            "llm_prediction": {
                "GPT35": 0.0,
                "GPT4": 0.0,
                "CLAUDE": 0.0,
                "GOOGLE": 0.0,
                "OPENAI_O_SERIES": 0.0,
                "DEEPSEEK": 0.0,
                "GROK": 0.0,
                "NOVA": 0.0,
                "OTHER": 0.0,
                "HUMAN": 0.0
            },
            "metadata": {
                "request_id": "a68414aa-d7ef-4661-afc9-39350c6ee315"
            },
            "start_index": 755,
            "end_index": 2878
        }
    ],
    "window_likelihoods": [
        0.0015491909450954862,
        0.4383680555555556
    ],
    "window_indices": [
        [
            0,
            2584
        ],
        [
            755,
            2878
        ]
    ],
    "max_chunk_length": 200,
    "min_chunk_length": 160,
    "num_chunks_per_window": 3,
    "metadata": {
        "request_id": "a68414aa-d7ef-4661-afc9-39350c6ee315"
    }
}