{
    "text": "This paper suggests an approach called 3DGAN (Three Dimensional Generative Adversarial Network) to produce 3 dimensional objects from a probabilistic framework by utilizing the latest advancements in volumetric convolutional networks and generative adversarial networks (GANs). Additionally the study presents 3DVaeGAN as an expansion of 3DGAN to learn how to convert a 2 image into a 3 dimensional object. \nThe core concepts discussed in this paper revolve around the exploration of 3 object creation and generation through the utilization of generative adversarial networks (GANs). The authors have built their 3 GAN framework by building off the research conducted by Goodfellow and Radford in 2014 and 2016 respectively as well as contrasting their outcomes with studies, by Wu and Girdhar from previous years. \nThis paper excels in producing notch 3 dimensional shapes and introduces an innovative method for translating a 2 dimensional image into a 3 dimensional object successfully while displaying outstanding results in identifying 3 dimensional objects tasks effectively by the way it presents an elaborate examination of the acquired representations such as visual representations showing the object vector and neurons, in the discriminator. \nThe papers limitations stem from its dependence on a dataset of 3 dimensional objects that might not be easily accessible for all uses. Furthermore the authors acknowledge the difficulty, in training the discriminator within their 3 GAN framework and address this by implementing an adaptive training approach to enhance the stability of the training process. \nPoints supporting acceptance; \nThe research paper suggests an inventive method, for creating and identifying 3 dimensional objects. \nThe findings show results in recognizing 3 dimensional objects that are on par, with the performance of supervised learning approaches. \nThe writers offer an, in depth examination of the acquired knowledge representations that offer a glimpse into how the model operates. \nThe article is nicely composed and well structured. It's simple to track and grasp the information presented in it. \nReasons, in favor of acceptance; \nThe report is based on a collection of 3 dimensional objects that might not be easily accessible, for every use case. \nWorking through the training process can pose challenges; therefore the authors utilize a training approach to ensure stability in the training process. \nThe paper could be improved by including comparisons with other leading techniques, in 3 dimensional object recognition and creation. \nThis study greatly advances our understanding of creating and identifying 3 objects with remarkable success, across various tasks mentioned in the paper.  \nThe research paper is solid in terms of its aspects and is backed up by thorough theoretical analysis and practical results that support the arguments made in it The authors show meticulousness and integrity, in their assessment of both the positive aspects and limitations of their study. \nThe paper is written in an organized manner which makes it easy to comprehend and navigate through its content smoothly; the authors have included ample information, for a knowledgeable reader to replicate the results. \nThe research introduces a method for creating and identifying 3 dimensional objects with remarkable success across various assignments The writers incorporate past studies, on generative adversarial networks and 3 dimensional object design but introduce their unique and groundbreaking technique. \nThe research paper tackles an issue related to creating and identifying 3 dimensional objects, with notable advancements surpassing existing cutting edge techniques showcased in the findings presented within its pages It possesses the capability to influence various fields of application including computer vision robotics and graphics. ",
    "ai_likelihood": 0.8311941964285714,
    "avg_ai_likelihood": 0.8311941964285714,
    "max_ai_likelihood": 1.0,
    "prediction": "Fully AI-generated (or AI-assisted)",
    "fraction_ai_content": 1.0,
    "llm_prediction": {
        "GPT35": 0.7520457186958195,
        "GPT4": 0.09632483439798488,
        "CLAUDE": 0.008439707103082417,
        "GOOGLE": 0.10843918263114222,
        "OPENAI_O_SERIES": 7.38035324933412e-05,
        "DEEPSEEK": 1.0747701501722095e-05,
        "GROK": 1.0767567863093117e-05,
        "NOVA": 0.00015452055874379752,
        "OTHER": 0.018202037080801894,
        "HUMAN": 0.016298680730567162
    },
    "windows": [
        {
            "text": "This paper suggests an approach called 3DGAN (Three Dimensional Generative Adversarial Network) to produce 3 dimensional objects from a probabilistic framework by utilizing the latest advancements in volumetric convolutional networks and generative adversarial networks (GANs). Additionally the study presents 3DVaeGAN as an expansion of 3DGAN to learn how to convert a 2 image into a 3 dimensional object. \nThe core concepts discussed in this paper revolve around the exploration of 3 object creation and generation through the utilization of generative adversarial networks (GANs). The authors have built their 3 GAN framework by building off the research conducted by Goodfellow and Radford in 2014 and 2016 respectively as well as contrasting their outcomes with studies, by Wu and Girdhar from previous years. \nThis paper excels in producing notch 3 dimensional shapes and introduces an innovative method for translating a 2 dimensional image into a 3 dimensional object successfully while displaying outstanding results in identifying 3 dimensional objects tasks effectively by the way it presents an elaborate examination of the acquired representations such as visual representations showing the object vector and neurons, in the discriminator. \nThe papers limitations stem from its dependence on a dataset of 3 dimensional objects that might not be easily accessible for all uses. Furthermore the authors acknowledge the difficulty, in training the discriminator within their 3 GAN framework and address this by implementing an adaptive training approach to enhance the stability of the training process. \nPoints supporting acceptance; \nThe research paper suggests an inventive method, for creating and identifying 3 dimensional objects. \nThe findings show results in recognizing 3 dimensional objects that are on par, with the performance of supervised learning approaches. \nThe writers offer an, in depth examination of the acquired knowledge representations that offer a glimpse into how the model operates. \nThe article is nicely composed and well structured. It's simple to track and grasp the information presented in it. \nReasons, in favor of acceptance; \nThe report is based on a collection of 3 dimensional objects that might not be easily accessible, for every use case. \nWorking through the training process can pose challenges; therefore the authors utilize a training approach to ensure stability in the training process. \nThe paper could be improved by including comparisons with other leading techniques, in 3 dimensional object recognition and creation. \n",
            "ai_likelihood": 0.82421875,
            "prediction": "Likely AI",
            "llm_prediction": {
                "GPT35": 0.58154296875,
                "GPT4": 0.1297607421875,
                "CLAUDE": 0.003841400146484375,
                "GOOGLE": 0.205322265625,
                "OPENAI_O_SERIES": 7.700920104980469e-05,
                "DEEPSEEK": 1.0609626770019531e-05,
                "GROK": 2.0384788513183594e-05,
                "NOVA": 0.00010710954666137695,
                "OTHER": 0.0423583984375,
                "HUMAN": 0.0369873046875
            },
            "metadata": {
                "request_id": "73ac3a1a-97b0-4acc-b9aa-7007b39c72db"
            },
            "start_index": 0,
            "end_index": 2580
        },
        {
            "text": " as contrasting their outcomes with studies, by Wu and Girdhar from previous years. \nThis paper excels in producing notch 3 dimensional shapes and introduces an innovative method for translating a 2 dimensional image into a 3 dimensional object successfully while displaying outstanding results in identifying 3 dimensional objects tasks effectively by the way it presents an elaborate examination of the acquired representations such as visual representations showing the object vector and neurons, in the discriminator. \nThe papers limitations stem from its dependence on a dataset of 3 dimensional objects that might not be easily accessible for all uses. Furthermore the authors acknowledge the difficulty, in training the discriminator within their 3 GAN framework and address this by implementing an adaptive training approach to enhance the stability of the training process. \nPoints supporting acceptance; \nThe research paper suggests an inventive method, for creating and identifying 3 dimensional objects. \nThe findings show results in recognizing 3 dimensional objects that are on par, with the performance of supervised learning approaches. \nThe writers offer an, in depth examination of the acquired knowledge representations that offer a glimpse into how the model operates. \nThe article is nicely composed and well structured. It's simple to track and grasp the information presented in it. \nReasons, in favor of acceptance; \nThe report is based on a collection of 3 dimensional objects that might not be easily accessible, for every use case. \nWorking through the training process can pose challenges; therefore the authors utilize a training approach to ensure stability in the training process. \nThe paper could be improved by including comparisons with other leading techniques, in 3 dimensional object recognition and creation. \nThis study greatly advances our understanding of creating and identifying 3 objects with remarkable success, across various tasks mentioned in the paper.  \nThe research paper is solid in terms of its aspects and is backed up by thorough theoretical analysis and practical results that support the arguments made in it The authors show meticulousness and integrity, in their assessment of both the positive aspects and limitations of their study. \nThe paper is written in an organized manner which makes it easy to comprehend and navigate through its content smoothly; the authors have included ample information, for a knowledgeable reader to replicate the results. \nThe research introduces a method for creating and identifying 3 dimensional objects with remarkable success across various assignments The writers incorporate past studies, on generative adversarial networks and 3 dimensional object design but introduce their unique",
            "ai_likelihood": 1.0,
            "prediction": "Highly Likely AI",
            "llm_prediction": {
                "GPT35": 0.78369140625,
                "GPT4": 0.05926513671875,
                "CLAUDE": 0.020721435546875,
                "GOOGLE": 0.11785888671875,
                "OPENAI_O_SERIES": 0.00012862682342529297,
                "DEEPSEEK": 2.0205974578857422e-05,
                "GROK": 1.1205673217773438e-05,
                "NOVA": 0.0003483295440673828,
                "OTHER": 0.0119781494140625,
                "HUMAN": 0.006107330322265625
            },
            "metadata": {
                "request_id": "73ac3a1a-97b0-4acc-b9aa-7007b39c72db"
            },
            "start_index": 731,
            "end_index": 3513
        },
        {
            "text": "The research paper suggests an inventive method, for creating and identifying 3 dimensional objects. \nThe findings show results in recognizing 3 dimensional objects that are on par, with the performance of supervised learning approaches. \nThe writers offer an, in depth examination of the acquired knowledge representations that offer a glimpse into how the model operates. \nThe article is nicely composed and well structured. It's simple to track and grasp the information presented in it. \nReasons, in favor of acceptance; \nThe report is based on a collection of 3 dimensional objects that might not be easily accessible, for every use case. \nWorking through the training process can pose challenges; therefore the authors utilize a training approach to ensure stability in the training process. \nThe paper could be improved by including comparisons with other leading techniques, in 3 dimensional object recognition and creation. \nThis study greatly advances our understanding of creating and identifying 3 objects with remarkable success, across various tasks mentioned in the paper.  \nThe research paper is solid in terms of its aspects and is backed up by thorough theoretical analysis and practical results that support the arguments made in it The authors show meticulousness and integrity, in their assessment of both the positive aspects and limitations of their study. \nThe paper is written in an organized manner which makes it easy to comprehend and navigate through its content smoothly; the authors have included ample information, for a knowledgeable reader to replicate the results. \nThe research introduces a method for creating and identifying 3 dimensional objects with remarkable success across various assignments The writers incorporate past studies, on generative adversarial networks and 3 dimensional object design but introduce their unique and groundbreaking technique. \nThe research paper tackles an issue related to creating and identifying 3 dimensional objects, with notable advancements surpassing existing cutting edge techniques showcased in the findings presented within its pages It possesses the capability to influence various fields of application including computer vision robotics and graphics. ",
            "ai_likelihood": 0.6289062499999999,
            "prediction": "Likely AI",
            "llm_prediction": {
                "GPT35": 0.89111328125,
                "GPT4": 0.0999755859375,
                "CLAUDE": 0.0007586479187011719,
                "GOOGLE": 0.002166748046875,
                "OPENAI_O_SERIES": 1.5795230865478516e-05,
                "DEEPSEEK": 1.430511474609375e-06,
                "GROK": 7.152557373046875e-07,
                "NOVA": 8.165836334228516e-06,
                "OTHER": 0.000274658203125,
                "HUMAN": 0.00580596923828125
            },
            "metadata": {
                "request_id": "73ac3a1a-97b0-4acc-b9aa-7007b39c72db"
            },
            "start_index": 1646,
            "end_index": 3883
        }
    ],
    "window_likelihoods": [
        0.82421875,
        1.0,
        0.6289062499999999
    ],
    "window_indices": [
        [
            0,
            2580
        ],
        [
            731,
            3513
        ],
        [
            1646,
            3883
        ]
    ],
    "max_chunk_length": 200,
    "min_chunk_length": 160,
    "num_chunks_per_window": 3,
    "metadata": {
        "request_id": "73ac3a1a-97b0-4acc-b9aa-7007b39c72db"
    }
}