{
    "text": "This article suggests a version of a two layer conditional model that identifies hidden patterns and determines model parameters in a combined and efficient manner. The design of the model focuses on learning structured predictions without guidance. An ongoing objective within the field of machine learning. The writers introduce an approach that enables the deduction of concealed structural patterns while achieving an optimal solution, on a global scale. \nThe paper is nicely. Effectively outlines the reasons and context behind the issue at hand.The writers offer an examination of prior research in the field referencing the application of conditional random fields and autoencoders for predicting structured outputs.The suggested model is meticulously developed,. The authors present a lucid description of the convex relaxation as well, as the optimization technique employed to address it. \nSome notable aspects of the paper are; \nA new idea, for simplifying a two layer model by introducing a convex relaxation method to handle hidden patterns and determine model parameters simultaneously and efficiently. \nCreating an optimization algorithm capable of solving the convex relaxation problem is a significant advancement, in the field of computational methods. \nTwo examples showcasing how well the new model works with machine learning tasks include transliteration. Filling in missing parts of images where some areas are hidden from view. \nThe paper has some shortcomings, such, as; \nThe document presumes that the support group Y has limits and allows for a practical polar operator to be present; however this may not always be applicable, in every scenario. \nThe report lacks an examination of the computational intricacies of the suggested algorithm that could be crucial, for extensive applications. \nThe article fails to compare the proposed model with advanced techniques, in unsupervised learning of structured predictors to assess its effectiveness fully. \nIn terms the paper is nicely penned and offers a noteworthy advancement in the realm of machine learning.The model and optimization method put forward have the capacity to serve purposes in areas, like natural language processing,cybernetics and robotics. \nReasons supporting acceptance; \nThe article suggests an effective approach to simplify a two layer conditional model, which can identify hidden patterns and determine model parameters simultaneously and effectively. \nThe research paper showcases how well the new model performs when tackling two machine learning challenges. Converting text from one script, to another and filling in missing parts of pictures that are partially covered up. \nThe document offers a concise and articulate description of the suggested framework and enhancement technique. \nArguments, in favor of acceptance; \nThe paper suggests that the support group Y is limited and allows for a practical polar operator to be used efficiently; however this may not hold true for all scenarios. \nThe document lacks an examination of the computational intricacies of the suggested algorithm\u2014a crucial aspect, for extensive applications. \nThe article lacks a comparison to cutting edge techniques, for unsupervised learning of structured predictors that could help assess the efficiency of the suggested model. \nThe quality of this is pretty good I'd say it's an 8, out of 10.\nThe message is clear and easy to understand.\nThe level of creativity is rated at 8 out of 10.\nThe importance level is rated at 8 out of 10.\nBased on the content provided in the paper and its contribution to the field of machine learning along with showcasing the efficiency of the suggested model on two machine learning issues; I would suggest accepting this paper for publication with some considerations regarding areas that need refinement such as conducting a detailed examination of the computational complexity associated with the proposed algorithm and comparing its performance, against other advanced techniques used for unsupervised learning of structured predictors. ",
    "ai_likelihood": 0.13130582591550827,
    "avg_ai_likelihood": 0.13130582591550827,
    "max_ai_likelihood": 0.3184678819444445,
    "prediction": "Mixed content or heavily prompted AI outputs",
    "fraction_ai_content": 0.0,
    "llm_prediction": {
        "GPT35": 0,
        "GPT4": 0,
        "CLAUDE": 0,
        "GOOGLE": 0,
        "OPENAI_O_SERIES": 0,
        "DEEPSEEK": 0,
        "GROK": 0,
        "NOVA": 0,
        "OTHER": 0,
        "HUMAN": 0
    },
    "windows": [
        {
            "text": "This article suggests a version of a two layer conditional model that identifies hidden patterns and determines model parameters in a combined and efficient manner. The design of the model focuses on learning structured predictions without guidance. An ongoing objective within the field of machine learning. The writers introduce an approach that enables the deduction of concealed structural patterns while achieving an optimal solution, on a global scale. \nThe paper is nicely. Effectively outlines the reasons and context behind the issue at hand.The writers offer an examination of prior research in the field referencing the application of conditional random fields and autoencoders for predicting structured outputs.The suggested model is meticulously developed,. The authors present a lucid description of the convex relaxation as well, as the optimization technique employed to address it. \nSome notable aspects of the paper are; \nA new idea, for simplifying a two layer model by introducing a convex relaxation method to handle hidden patterns and determine model parameters simultaneously and efficiently. \nCreating an optimization algorithm capable of solving the convex relaxation problem is a significant advancement, in the field of computational methods. \nTwo examples showcasing how well the new model works with machine learning tasks include transliteration. Filling in missing parts of images where some areas are hidden from view. \nThe paper has some shortcomings, such, as; \nThe document presumes that the support group Y has limits and allows for a practical polar operator to be present; however this may not always be applicable, in every scenario. \nThe report lacks an examination of the computational intricacies of the suggested algorithm that could be crucial, for extensive applications. \nThe article fails to compare the proposed model with advanced techniques, in unsupervised learning of structured predictors to assess its effectiveness fully. \nIn terms the paper is nicely penned and offers a noteworthy advancement in the realm of machine learning.The model and optimization method put forward have the capacity to serve purposes in areas, like natural language processing,cybernetics and robotics. \nReasons supporting acceptance; \nThe article suggests an effective approach to simplify a two layer conditional model, which can identify hidden patterns and determine model parameters simultaneously and effectively. \nThe research paper showcases how well the new model performs when tackling two machine learning challenges. Converting text from one script, to another and filling in missing parts of pictures that are partially covered up. \nThe document offers a concise and articulate description of the suggested framework and enhancement technique. \n",
            "ai_likelihood": 0.1059299045138889,
            "prediction": "Unlikely AI",
            "llm_prediction": {
                "GPT35": 0.0,
                "GPT4": 0.0,
                "CLAUDE": 0.0,
                "GOOGLE": 0.0,
                "OPENAI_O_SERIES": 0.0,
                "DEEPSEEK": 0.0,
                "GROK": 0.0,
                "NOVA": 0.0,
                "OTHER": 0.0,
                "HUMAN": 0.0
            },
            "metadata": {
                "request_id": "bc3b3b60-f47d-49ed-93c3-4d295d5c9d60"
            },
            "start_index": 0,
            "end_index": 2790
        },
        {
            "text": "A new idea, for simplifying a two layer model by introducing a convex relaxation method to handle hidden patterns and determine model parameters simultaneously and efficiently. \nCreating an optimization algorithm capable of solving the convex relaxation problem is a significant advancement, in the field of computational methods. \nTwo examples showcasing how well the new model works with machine learning tasks include transliteration. Filling in missing parts of images where some areas are hidden from view. \nThe paper has some shortcomings, such, as; \nThe document presumes that the support group Y has limits and allows for a practical polar operator to be present; however this may not always be applicable, in every scenario. \nThe report lacks an examination of the computational intricacies of the suggested algorithm that could be crucial, for extensive applications. \nThe article fails to compare the proposed model with advanced techniques, in unsupervised learning of structured predictors to assess its effectiveness fully. \nIn terms the paper is nicely penned and offers a noteworthy advancement in the realm of machine learning.The model and optimization method put forward have the capacity to serve purposes in areas, like natural language processing,cybernetics and robotics. \nReasons supporting acceptance; \nThe article suggests an effective approach to simplify a two layer conditional model, which can identify hidden patterns and determine model parameters simultaneously and effectively. \nThe research paper showcases how well the new model performs when tackling two machine learning challenges. Converting text from one script, to another and filling in missing parts of pictures that are partially covered up. \nThe document offers a concise and articulate description of the suggested framework and enhancement technique. \nArguments, in favor of acceptance; \nThe paper suggests that the support group Y is limited and allows for a practical polar operator to be used efficiently; however this may not hold true for all scenarios. \nThe document lacks an examination of the computational intricacies of the suggested algorithm\u2014a crucial aspect, for extensive applications. \nThe article lacks a comparison to cutting edge techniques, for unsupervised learning of structured predictors that could help assess the efficiency of the suggested model. \nThe quality of this is pretty good I'd say it's an 8, out of 10.\nThe message is clear and easy to understand.\nThe level of creativity is rated at 8 out of 10.\nThe importance level is rated at 8 out of 10.\nBased",
            "ai_likelihood": 0.0003157721625434028,
            "prediction": "Unlikely AI",
            "llm_prediction": {
                "GPT35": 0.0,
                "GPT4": 0.0,
                "CLAUDE": 0.0,
                "GOOGLE": 0.0,
                "OPENAI_O_SERIES": 0.0,
                "DEEPSEEK": 0.0,
                "GROK": 0.0,
                "NOVA": 0.0,
                "OTHER": 0.0,
                "HUMAN": 0.0
            },
            "metadata": {
                "request_id": "bc3b3b60-f47d-49ed-93c3-4d295d5c9d60"
            },
            "start_index": 940,
            "end_index": 3522
        },
        {
            "text": "The article fails to compare the proposed model with advanced techniques, in unsupervised learning of structured predictors to assess its effectiveness fully. \nIn terms the paper is nicely penned and offers a noteworthy advancement in the realm of machine learning.The model and optimization method put forward have the capacity to serve purposes in areas, like natural language processing,cybernetics and robotics. \nReasons supporting acceptance; \nThe article suggests an effective approach to simplify a two layer conditional model, which can identify hidden patterns and determine model parameters simultaneously and effectively. \nThe research paper showcases how well the new model performs when tackling two machine learning challenges. Converting text from one script, to another and filling in missing parts of pictures that are partially covered up. \nThe document offers a concise and articulate description of the suggested framework and enhancement technique. \nArguments, in favor of acceptance; \nThe paper suggests that the support group Y is limited and allows for a practical polar operator to be used efficiently; however this may not hold true for all scenarios. \nThe document lacks an examination of the computational intricacies of the suggested algorithm\u2014a crucial aspect, for extensive applications. \nThe article lacks a comparison to cutting edge techniques, for unsupervised learning of structured predictors that could help assess the efficiency of the suggested model. \nThe quality of this is pretty good I'd say it's an 8, out of 10.\nThe message is clear and easy to understand.\nThe level of creativity is rated at 8 out of 10.\nThe importance level is rated at 8 out of 10.\nBased on the content provided in the paper and its contribution to the field of machine learning along with showcasing the efficiency of the suggested model on two machine learning issues; I would suggest accepting this paper for publication with some considerations regarding areas that need refinement such as conducting a detailed examination of the computational complexity associated with the proposed algorithm and comparing its performance, against other advanced techniques used for unsupervised learning of structured predictors. ",
            "ai_likelihood": 0.3184678819444445,
            "prediction": "Possibly AI",
            "llm_prediction": {
                "GPT35": 0.0,
                "GPT4": 0.0,
                "CLAUDE": 0.0,
                "GOOGLE": 0.0,
                "OPENAI_O_SERIES": 0.0,
                "DEEPSEEK": 0.0,
                "GROK": 0.0,
                "NOVA": 0.0,
                "OTHER": 0.0,
                "HUMAN": 0.0
            },
            "metadata": {
                "request_id": "bc3b3b60-f47d-49ed-93c3-4d295d5c9d60"
            },
            "start_index": 1819,
            "end_index": 4056
        }
    ],
    "window_likelihoods": [
        0.1059299045138889,
        0.0003157721625434028,
        0.3184678819444445
    ],
    "window_indices": [
        [
            0,
            2790
        ],
        [
            940,
            3522
        ],
        [
            1819,
            4056
        ]
    ],
    "max_chunk_length": 200,
    "min_chunk_length": 160,
    "num_chunks_per_window": 3,
    "metadata": {
        "request_id": "bc3b3b60-f47d-49ed-93c3-4d295d5c9d60"
    }
}