{
    "text": "This research introduces a method for developing deep feature embeddings known as Position Based Deep Metric (PBDM) which adjusts to the specific feature arrangement in a diverse space setting. The authors suggest that the standard Euclidean distance measurement may not be ideal for identifying samples in intricate visual feature spaces. The PBDM module is crafted to acquire a similarity measurement that adjusts to the feature arrangement and aids, in choosing top tier challenging samples within a close vicinity to steer the development of deep embeddings. \nThe article is nicely written with an explanation of their approach and a comprehensive overview of previous research provided by the authors. The papers technical advancements are substantial as they offer an, in depth explanation of their technique which includes the PDDM unit and the dual header hinge loss function. The experiments show how effective the suggested method is in image retrieval tasks and its ability to adapt to new categories in extensive and open scenarios, like transfer learning and zero shot learning. \nThe papers notable qualities are as follows; \nA new method has been suggested for developing deep feature embeddings that can adjust to the feature patterns within a diverse environment. \nDesigning a PDDM unit that adapts to the feature structure by learning a dynamic similarity metric. \nUtilizing a headed hinge loss function that enhances the similarity measurement and feature embedding based on a significant margin standard. \nThe showcase of how the suggested method performs in difficult image search assignments and its ability to adapt to new categories in expansive and open settings. \nSome drawbacks of the paper are; \nThe intricacy of the suggested method could pose challenges when it comes to implementation and optimization. \nThe need, for a volume of labeled data to properly train the PDDM component and establish feature embedding is essential. \nIn the experiments they didn't compare their findings with cutting edge methods. \nThe paper is nicely crafted with a rationale for their method and a detailed examination of previous research provided by the authors.The technical advancements in the paper are noteworthy. The experiments effectively showcase the effectiveness of their approach.However the intricacy of the proposed method and the need, for labeled data could potentially restrict its practical use. \nOn the side supporting acceptance there are compelling points to consider.\nThe article suggests a method for mastering deep feature embeddings that adjusts to the unique feature layout, within a diverse environment. \nThe paper makes important technical contributions and the experiments show that the proposed approach is effective. \nThe article is nicely written with an explanation of their method and a comprehensive overview of relevant research studies. \nReasons, in favor of acceptance; \nThe intricacy of the suggested method could pose challenges when it comes to putting it into action and refining it for use. \nThe need, for a quantity of labeled data to instruct the PDDM module and the feature embedding might restrict its practical use. \nIn the experiments not comparing with cutting edge methods could hinder the assessment of how well the proposed approach performs. ",
    "ai_likelihood": 0.702028699741242,
    "avg_ai_likelihood": 0.702028699741242,
    "max_ai_likelihood": 0.970703125,
    "prediction": "Uncertain: Possibly mixed content or heavily prompted AI outputs",
    "fraction_ai_content": 0.5,
    "llm_prediction": {
        "GPT35": 0.47554160671991647,
        "GPT4": 0.011801573177549261,
        "CLAUDE": 0.007617240347629566,
        "GOOGLE": 0.4313562726253041,
        "OPENAI_O_SERIES": 4.392452848180857e-05,
        "DEEPSEEK": 2.354164009540622e-05,
        "GROK": 1.2515808658317232e-05,
        "NOVA": 2.8488364469883984e-05,
        "OTHER": 0.06591182434002948,
        "HUMAN": 0.007663012447865697
    },
    "windows": [
        {
            "text": "This research introduces a method for developing deep feature embeddings known as Position Based Deep Metric (PBDM) which adjusts to the specific feature arrangement in a diverse space setting. The authors suggest that the standard Euclidean distance measurement may not be ideal for identifying samples in intricate visual feature spaces. The PBDM module is crafted to acquire a similarity measurement that adjusts to the feature arrangement and aids, in choosing top tier challenging samples within a close vicinity to steer the development of deep embeddings. \nThe article is nicely written with an explanation of their approach and a comprehensive overview of previous research provided by the authors. The papers technical advancements are substantial as they offer an, in depth explanation of their technique which includes the PDDM unit and the dual header hinge loss function. The experiments show how effective the suggested method is in image retrieval tasks and its ability to adapt to new categories in extensive and open scenarios, like transfer learning and zero shot learning. \nThe papers notable qualities are as follows; \nA new method has been suggested for developing deep feature embeddings that can adjust to the feature patterns within a diverse environment. \nDesigning a PDDM unit that adapts to the feature structure by learning a dynamic similarity metric. \nUtilizing a headed hinge loss function that enhances the similarity measurement and feature embedding based on a significant margin standard. \nThe showcase of how the suggested method performs in difficult image search assignments and its ability to adapt to new categories in expansive and open settings. \nSome drawbacks of the paper are; \nThe intricacy of the suggested method could pose challenges when it comes to implementation and optimization. \nThe need, for a volume of labeled data to properly train the PDDM component and establish feature embedding is essential. \nIn the experiments they didn't compare their findings with cutting edge methods. \nThe paper is nicely crafted with a rationale for their method and a detailed examination of previous research provided by the authors.The technical advancements in the paper are noteworthy. The experiments effectively showcase the effectiveness of their approach.However the intricacy of the proposed method and the need, for labeled data could potentially restrict its practical use. \nOn the side supporting acceptance there are compelling points to consider.\nThe article suggests a method for mastering deep feature embeddings that adjusts to the unique feature layout, within a diverse environment. \nThe paper makes important technical contributions and the experiments show that the proposed approach is effective. \nThe article is nicely written with an explanation of their method and a comprehensive overview of relevant research studies. \n",
            "ai_likelihood": 0.970703125,
            "prediction": "Highly Likely AI",
            "llm_prediction": {
                "GPT35": 0.4755859375,
                "GPT4": 0.01180267333984375,
                "CLAUDE": 0.007617950439453125,
                "GOOGLE": 0.431396484375,
                "OPENAI_O_SERIES": 4.392862319946289e-05,
                "DEEPSEEK": 2.3543834686279297e-05,
                "GROK": 1.2516975402832031e-05,
                "NOVA": 2.849102020263672e-05,
                "OTHER": 0.06591796875,
                "HUMAN": 0.007663726806640625
            },
            "metadata": {
                "request_id": "a97b13ca-79eb-4124-b41a-f7f5f350780a"
            },
            "start_index": 0,
            "end_index": 2885
        },
        {
            "text": "The papers notable qualities are as follows; \nA new method has been suggested for developing deep feature embeddings that can adjust to the feature patterns within a diverse environment. \nDesigning a PDDM unit that adapts to the feature structure by learning a dynamic similarity metric. \nUtilizing a headed hinge loss function that enhances the similarity measurement and feature embedding based on a significant margin standard. \nThe showcase of how the suggested method performs in difficult image search assignments and its ability to adapt to new categories in expansive and open settings. \nSome drawbacks of the paper are; \nThe intricacy of the suggested method could pose challenges when it comes to implementation and optimization. \nThe need, for a volume of labeled data to properly train the PDDM component and establish feature embedding is essential. \nIn the experiments they didn't compare their findings with cutting edge methods. \nThe paper is nicely crafted with a rationale for their method and a detailed examination of previous research provided by the authors.The technical advancements in the paper are noteworthy. The experiments effectively showcase the effectiveness of their approach.However the intricacy of the proposed method and the need, for labeled data could potentially restrict its practical use. \nOn the side supporting acceptance there are compelling points to consider.\nThe article suggests a method for mastering deep feature embeddings that adjusts to the unique feature layout, within a diverse environment. \nThe paper makes important technical contributions and the experiments show that the proposed approach is effective. \nThe article is nicely written with an explanation of their method and a comprehensive overview of relevant research studies. \nReasons, in favor of acceptance; \nThe intricacy of the suggested method could pose challenges when it comes to putting it into action and refining it for use. \nThe need, for a quantity of labeled data to instruct the PDDM module and the feature embedding might restrict its practical use. \nIn the experiments not comparing with cutting edge methods could hinder the assessment of how well the proposed approach performs. ",
            "ai_likelihood": 0.36376953125,
            "prediction": "Possibly AI",
            "llm_prediction": {
                "GPT35": 0.0,
                "GPT4": 0.0,
                "CLAUDE": 0.0,
                "GOOGLE": 0.0,
                "OPENAI_O_SERIES": 0.0,
                "DEEPSEEK": 0.0,
                "GROK": 0.0,
                "NOVA": 0.0,
                "OTHER": 0.0,
                "HUMAN": 0.0
            },
            "metadata": {
                "request_id": "a97b13ca-79eb-4124-b41a-f7f5f350780a"
            },
            "start_index": 1093,
            "end_index": 3306
        }
    ],
    "window_likelihoods": [
        0.970703125,
        0.36376953125
    ],
    "window_indices": [
        [
            0,
            2885
        ],
        [
            1093,
            3306
        ]
    ],
    "max_chunk_length": 200,
    "min_chunk_length": 160,
    "num_chunks_per_window": 3,
    "metadata": {
        "request_id": "a97b13ca-79eb-4124-b41a-f7f5f350780a"
    }
}