{
    "text": "This research paper offers an examination of accurately identifying communities within the stochastic block model (SBM) especially as the number of communities increases over time. The authors outline assurances for identification through a semidefinite program and establish limits on SBM parameters necessary for accurate recovery. Their findings delve into the interplay between parameters, in heterogeneous SBMs offering assurances of recovery across a range of intriguing SBM setups. \nThe article is nicely crafted with the authors showcasing organization of the content and effectively presenting their findings.The introduction gives an outline of the issue and related research while the key results are delivered in a clear and straightforward manner.The authors have also included examples to demonstrate the tradeoffs involved in heterogeneous SBM and how their results can be applied effectively. \nThe papers notable qualities are; \nThe writers present an examination of accurately identifying groups in the SBM model as the number of groups increases\u2014a notable addition, in this area of study. \nThe findings are well supported. Consider the balance, between different aspects of diverse SBM. \nThe writers offer instances demonstrating the compromises involved in diverse SBM and how their findings can be applied in practice. \nThe paper is nicely. The authors have done a great job in structuring the content and showcasing the findings. \nSome drawbacks of the paper are; \nThe report suggests that as the number of nodes increases in real world applications not all cases will see a growth, in the number of communities. \nThe authors have not presented any data to support their theoretical conclusions. \nThe paper includes some proofs and technical details, in the appendix that might be challenging for certain readers to understand. \nIn my opinion I would give this paper a rating as it stands out positively. The paper makes an addition to the field, with well explained and well supported results. The authors have effectively structured the content. Conveyed the findings clearly in their writing. \nReasons, in favor of approval; \nThe research paper offers an examination of accurately identifying communities, in the stochastic block model as the number of communities increases. \nThe findings are. Take advantage of the trade offs between the different parameters, in diverse SBM systems. \nThe writers offer instances that demonstrate the compromises involved in diverse SBM and the relevance of their findings. \nHere are some reasons not to agree with this; \nThe document suggests that as the number of nodes increases, in a network system doesn't always mean that the number of communities will also grow correspondingly in every scenario. \nThe authors have not included any real world data to support their conclusions. \nSome readers might find it challenging to follow the paper due to the placement of proofs and technical details, in the appendix. \nAlthough the paper has its flaws it presents arguments and merits acceptance in my opinion. ",
    "ai_likelihood": 0.0010526340223301603,
    "avg_ai_likelihood": 0.0010526340223301603,
    "max_ai_likelihood": 0.0018024444580078125,
    "prediction": "Fully human-written",
    "fraction_ai_content": 0.0,
    "llm_prediction": {
        "GPT35": 0,
        "GPT4": 0,
        "CLAUDE": 0,
        "GOOGLE": 0,
        "OPENAI_O_SERIES": 0,
        "DEEPSEEK": 0,
        "GROK": 0,
        "NOVA": 0,
        "OTHER": 0,
        "HUMAN": 0
    },
    "windows": [
        {
            "text": "This research paper offers an examination of accurately identifying communities within the stochastic block model (SBM) especially as the number of communities increases over time. The authors outline assurances for identification through a semidefinite program and establish limits on SBM parameters necessary for accurate recovery. Their findings delve into the interplay between parameters, in heterogeneous SBMs offering assurances of recovery across a range of intriguing SBM setups. \nThe article is nicely crafted with the authors showcasing organization of the content and effectively presenting their findings.The introduction gives an outline of the issue and related research while the key results are delivered in a clear and straightforward manner.The authors have also included examples to demonstrate the tradeoffs involved in heterogeneous SBM and how their results can be applied effectively. \nThe papers notable qualities are; \nThe writers present an examination of accurately identifying groups in the SBM model as the number of groups increases\u2014a notable addition, in this area of study. \nThe findings are well supported. Consider the balance, between different aspects of diverse SBM. \nThe writers offer instances demonstrating the compromises involved in diverse SBM and how their findings can be applied in practice. \nThe paper is nicely. The authors have done a great job in structuring the content and showcasing the findings. \nSome drawbacks of the paper are; \nThe report suggests that as the number of nodes increases in real world applications not all cases will see a growth, in the number of communities. \nThe authors have not presented any data to support their theoretical conclusions. \nThe paper includes some proofs and technical details, in the appendix that might be challenging for certain readers to understand. \nIn my opinion I would give this paper a rating as it stands out positively. The paper makes an addition to the field, with well explained and well supported results. The authors have effectively structured the content. Conveyed the findings clearly in their writing. \nReasons, in favor of approval; \nThe research paper offers an examination of accurately identifying communities, in the stochastic block model as the number of communities increases. \nThe findings are. Take advantage of the trade offs between the different parameters, in diverse SBM systems. \nThe writers offer instances that demonstrate the compromises involved in diverse SBM and the relevance of their findings. \nHere are some reasons not to agree with this; \nThe document suggests that as the number of nodes increases, in a network system doesn't always mean that the number of communities will also grow correspondingly in every scenario. \n",
            "ai_likelihood": 0.0018024444580078125,
            "prediction": "Unlikely AI",
            "llm_prediction": {
                "GPT35": 0.0,
                "GPT4": 0.0,
                "CLAUDE": 0.0,
                "GOOGLE": 0.0,
                "OPENAI_O_SERIES": 0.0,
                "DEEPSEEK": 0.0,
                "GROK": 0.0,
                "NOVA": 0.0,
                "OTHER": 0.0,
                "HUMAN": 0.0
            },
            "metadata": {
                "request_id": "ed5f929d-dbf9-4605-8243-a785ede23a1f"
            },
            "start_index": 0,
            "end_index": 2764
        },
        {
            "text": "The writers present an examination of accurately identifying groups in the SBM model as the number of groups increases\u2014a notable addition, in this area of study. \nThe findings are well supported. Consider the balance, between different aspects of diverse SBM. \nThe writers offer instances demonstrating the compromises involved in diverse SBM and how their findings can be applied in practice. \nThe paper is nicely. The authors have done a great job in structuring the content and showcasing the findings. \nSome drawbacks of the paper are; \nThe report suggests that as the number of nodes increases in real world applications not all cases will see a growth, in the number of communities. \nThe authors have not presented any data to support their theoretical conclusions. \nThe paper includes some proofs and technical details, in the appendix that might be challenging for certain readers to understand. \nIn my opinion I would give this paper a rating as it stands out positively. The paper makes an addition to the field, with well explained and well supported results. The authors have effectively structured the content. Conveyed the findings clearly in their writing. \nReasons, in favor of approval; \nThe research paper offers an examination of accurately identifying communities, in the stochastic block model as the number of communities increases. \nThe findings are. Take advantage of the trade offs between the different parameters, in diverse SBM systems. \nThe writers offer instances that demonstrate the compromises involved in diverse SBM and the relevance of their findings. \nHere are some reasons not to agree with this; \nThe document suggests that as the number of nodes increases, in a network system doesn't always mean that the number of communities will also grow correspondingly in every scenario. \nThe authors have not included any real world data to support their conclusions. \nSome readers might find it challenging to follow the paper due to the placement of proofs and technical details, in the appendix. \nAlthough the paper has its flaws it presents arguments and merits acceptance in my opinion. ",
            "ai_likelihood": 0.00011715624067518447,
            "prediction": "Unlikely AI",
            "llm_prediction": {
                "GPT35": 0.0,
                "GPT4": 0.0,
                "CLAUDE": 0.0,
                "GOOGLE": 0.0,
                "OPENAI_O_SERIES": 0.0,
                "DEEPSEEK": 0.0,
                "GROK": 0.0,
                "NOVA": 0.0,
                "OTHER": 0.0,
                "HUMAN": 0.0
            },
            "metadata": {
                "request_id": "ed5f929d-dbf9-4605-8243-a785ede23a1f"
            },
            "start_index": 945,
            "end_index": 3068
        }
    ],
    "window_likelihoods": [
        0.0018024444580078125,
        0.00011715624067518447
    ],
    "window_indices": [
        [
            0,
            2764
        ],
        [
            945,
            3068
        ]
    ],
    "max_chunk_length": 200,
    "min_chunk_length": 160,
    "num_chunks_per_window": 3,
    "metadata": {
        "request_id": "ed5f929d-dbf9-4605-8243-a785ede23a1f"
    }
}