{
    "text": "This study discusses an examination of how well underrepresented sparse regression can detect the support with the `l norm as a regulator and an unconventional loss function for data accuracy in mind'. The researchers specifically investigate situations involving `l and `\u221e losses commonly applied to address sparse or uniform noise patterns and establish a condition that guarantees the stability of recovering the vectors support amidst minor additional noise, in the data observed. \nThe article is nicely written with the authors offering an thorough explanation of their theoretical advancements.The primary outcome stated in Theorem 1 represents an expansion from prior research on ensuring support recovery that was confined to smooth loss functions.The authors also include simulations to showcase their theoretical discoveries supporting the efficacy of their approach, within a compressed sensing context. \nThe papers notable qualities are; \nHere's a presented theoretical overview with an, in depth explanation of the key theorem.\nAn in depth examination of the assurances provided for recovery support. The identification of a precise criterion, for ensuring stability.\nNumerical simulations showcasing how well the method works in a sensing scenario.\nA thorough examination of how this work compares to research on ensuring support recovery is provided. Emphasizing the importance of the authors\u2019 contributions, in this regard. \nThe paper has some drawbacks such, as; \nThe document makes an assumption about a type of loss function that may not be suitable, for every situation.\nThe examination focuses on scenarios, with minor additional disturbances. It remains uncertain how these findings would apply to significant noise levels.\nThe numerical simulations only focus within a context. It would be beneficial to conduct simulations to showcase the effectiveness of the method. \nThe paper makes a contribution to sparse regression and support recovery guarantees within the field of study.The authors showcase the effectiveness of their approach through analysis and numerical simulations, in a clear and concise manner. \nPoints, in favor of agreeing to the proposition; \nThe article introduces an expansion of earlier research, on ensuring support recovery.\nThe authors offer an lucid account of their theoretical advancements.\nThe numerical simulations showcase how well the method works in a sensing scenario.\nReasons, in favor of acceptance; \nThe document is based on a type of loss function that might not be suitable, for every situation.\nThe examination focuses on situations involving minor additional noise. It remains uncertain how these findings could apply to significant noise scenarios.\nThe numerical simulations only focus within a particular scenario; a broader range of simulations would be beneficial to showcase the approachs robustness. \nThe quality is rated 8 out of 10.\nThe information is easy to understand.\nThe level of uniqueness is quite high scoring an 8 out of 10. \nImportance level is rated at 9 out of 10.\nThe overall rating is 8, out of 10 which's pretty good!\nSuggestion for approval, with adjustments required \u2013 the writers ought to look into acknowledging the constraints of their examination like assuming minimal additional noise and conducting additional detailed numerical tests to showcase the effectiveness of their method. ",
    "ai_likelihood": 0.1482199345267984,
    "avg_ai_likelihood": 0.1482199345267984,
    "max_ai_likelihood": 0.3309461805555556,
    "prediction": "Uncertain: Possibly mixed content or heavily prompted AI outputs",
    "fraction_ai_content": 0.0,
    "llm_prediction": {
        "GPT35": 0,
        "GPT4": 0,
        "CLAUDE": 0,
        "GOOGLE": 0,
        "OPENAI_O_SERIES": 0,
        "DEEPSEEK": 0,
        "GROK": 0,
        "NOVA": 0,
        "OTHER": 0,
        "HUMAN": 0
    },
    "windows": [
        {
            "text": "This study discusses an examination of how well underrepresented sparse regression can detect the support with the `l norm as a regulator and an unconventional loss function for data accuracy in mind'. The researchers specifically investigate situations involving `l and `\u221e losses commonly applied to address sparse or uniform noise patterns and establish a condition that guarantees the stability of recovering the vectors support amidst minor additional noise, in the data observed. \nThe article is nicely written with the authors offering an thorough explanation of their theoretical advancements.The primary outcome stated in Theorem 1 represents an expansion from prior research on ensuring support recovery that was confined to smooth loss functions.The authors also include simulations to showcase their theoretical discoveries supporting the efficacy of their approach, within a compressed sensing context. \nThe papers notable qualities are; \nHere's a presented theoretical overview with an, in depth explanation of the key theorem.\nAn in depth examination of the assurances provided for recovery support. The identification of a precise criterion, for ensuring stability.\nNumerical simulations showcasing how well the method works in a sensing scenario.\nA thorough examination of how this work compares to research on ensuring support recovery is provided. Emphasizing the importance of the authors\u2019 contributions, in this regard. \nThe paper has some drawbacks such, as; \nThe document makes an assumption about a type of loss function that may not be suitable, for every situation.\nThe examination focuses on scenarios, with minor additional disturbances. It remains uncertain how these findings would apply to significant noise levels.\nThe numerical simulations only focus within a context. It would be beneficial to conduct simulations to showcase the effectiveness of the method. \nThe paper makes a contribution to sparse regression and support recovery guarantees within the field of study.The authors showcase the effectiveness of their approach through analysis and numerical simulations, in a clear and concise manner. \nPoints, in favor of agreeing to the proposition; \nThe article introduces an expansion of earlier research, on ensuring support recovery.\nThe authors offer an lucid account of their theoretical advancements.\nThe numerical simulations showcase how well the method works in a sensing scenario.\nReasons, in favor of acceptance; \nThe document is based on a type of loss function that might not be suitable, for every situation.\nThe examination focuses on situations involving minor additional noise. It remains uncertain how these findings could apply to significant noise scenarios.\nThe numerical simulations only focus within a particular scenario; a broader range of simulations would be beneficial to showcase the approachs robustness. \nThe quality is rated 8 out of 10.\nThe information is easy to understand.\nThe level of uniqueness is quite high scoring an 8 out of 10. \n",
            "ai_likelihood": 0.00021841790941026478,
            "prediction": "Unlikely AI",
            "llm_prediction": {
                "GPT35": 0.0,
                "GPT4": 0.0,
                "CLAUDE": 0.0,
                "GOOGLE": 0.0,
                "OPENAI_O_SERIES": 0.0,
                "DEEPSEEK": 0.0,
                "GROK": 0.0,
                "NOVA": 0.0,
                "OTHER": 0.0,
                "HUMAN": 0.0
            },
            "metadata": {
                "request_id": "e16aa968-89c8-4c16-b82d-90629ad21108"
            },
            "start_index": 0,
            "end_index": 3008
        },
        {
            "text": "An in depth examination of the assurances provided for recovery support. The identification of a precise criterion, for ensuring stability.\nNumerical simulations showcasing how well the method works in a sensing scenario.\nA thorough examination of how this work compares to research on ensuring support recovery is provided. Emphasizing the importance of the authors\u2019 contributions, in this regard. \nThe paper has some drawbacks such, as; \nThe document makes an assumption about a type of loss function that may not be suitable, for every situation.\nThe examination focuses on scenarios, with minor additional disturbances. It remains uncertain how these findings would apply to significant noise levels.\nThe numerical simulations only focus within a context. It would be beneficial to conduct simulations to showcase the effectiveness of the method. \nThe paper makes a contribution to sparse regression and support recovery guarantees within the field of study.The authors showcase the effectiveness of their approach through analysis and numerical simulations, in a clear and concise manner. \nPoints, in favor of agreeing to the proposition; \nThe article introduces an expansion of earlier research, on ensuring support recovery.\nThe authors offer an lucid account of their theoretical advancements.\nThe numerical simulations showcase how well the method works in a sensing scenario.\nReasons, in favor of acceptance; \nThe document is based on a type of loss function that might not be suitable, for every situation.\nThe examination focuses on situations involving minor additional noise. It remains uncertain how these findings could apply to significant noise scenarios.\nThe numerical simulations only focus within a particular scenario; a broader range of simulations would be beneficial to showcase the approachs robustness. \nThe quality is rated 8 out of 10.\nThe information is easy to understand.\nThe level of uniqueness is quite high scoring an 8 out of 10. \nImportance level is rated at 9 out of 10.\nThe overall rating is 8, out of 10 which's pretty good!\nSuggestion for approval, with adjustments required \u2013 the writers ought to look into acknowledging the constraints of their examination like assuming minimal additional noise and conducting additional detailed numerical tests to showcase the effectiveness of their method. ",
            "ai_likelihood": 0.3309461805555556,
            "prediction": "Possibly AI",
            "llm_prediction": {
                "GPT35": 0.0,
                "GPT4": 0.0,
                "CLAUDE": 0.0,
                "GOOGLE": 0.0,
                "OPENAI_O_SERIES": 0.0,
                "DEEPSEEK": 0.0,
                "GROK": 0.0,
                "NOVA": 0.0,
                "OTHER": 0.0,
                "HUMAN": 0.0
            },
            "metadata": {
                "request_id": "e16aa968-89c8-4c16-b82d-90629ad21108"
            },
            "start_index": 1041,
            "end_index": 3378
        }
    ],
    "window_likelihoods": [
        0.00021841790941026478,
        0.3309461805555556
    ],
    "window_indices": [
        [
            0,
            3008
        ],
        [
            1041,
            3378
        ]
    ],
    "max_chunk_length": 200,
    "min_chunk_length": 160,
    "num_chunks_per_window": 3,
    "metadata": {
        "request_id": "e16aa968-89c8-4c16-b82d-90629ad21108"
    }
}