{
    "text": "This research paper provides an examination of the manageability of arithmetic circuits (ACs) and their usage in probabilistic graphical models.The authors explore the complexities associated with multiplication and summing out operations using ACs and reveal that these operations pose challenges, for decomposable AC's.However a subset of ACs known as Probabilistic Sentential Decision Diagram(PSDDs) is identified to have a polynomial time multiplication capability.Furthermore the authors show that PSDDs do not support summing out in time. \nThe paper is well structured. The authors present a straightforward introduction to the background and reasons behind their work in a concise manner.The technical parts are thorough and simple to understand,supported by references to earlier studies.The results, from the experiments illustrate how well the proposed method works by indicating that PSDDs can be efficiently utilized in creating graphical models. \nThe papers notable aspects are; \nAfter conducting an examination of the feasibility of air conditioners (AC) and their functions\nThe incorporation of PSDD structures as a category, within AC frameworks accompanied by a polynomial time multiplication operator.\nHere are the technical findings presented in an brief manner.\nThe results, from the experiment showcase the success of the method suggested.\nThe paper has its shortcomings, such, as; \nThere is an absence of a direct comparison to other established methods, like Algebraic Decision Diagram (ADD) and Algebraic Sentential Decision Diagram (ASDD).\nThe experimental findings are limited in scope as they solely focus on Markov networks.\nThe lack of an examination regarding the time and space requirements of the suggested method. \nReasons supporting acceptance; \nThe article makes an addition, to the realm of probabilistic graphical models and arithmetic circuits.\nThe incorporation of PSDD as a subset of AC, with a polynomial time multiplication function is an significant discovery.\nThe results of the experiment show that the suggested method works well. \nSupporting points, in favor of acceptance; \nThe paper doesn't provide a comparison with other methods already, in use.\nThe experimental findings have a scope.\nThe lack of an examination of how the suggested method impacts time and space usage could lead to doubts, about its real world usefulness. \nIn my opinion\u200b I believe it would be beneficial to approve this paper because it brings an addition to the field and shows how well the proposed method works\u200b. Nevertheless\u200b I recommend that the authors focus on improving the areas of concern highlighted earlier\u200b by comparing their approach, with other methods and thoroughly examining the time and space complexity of their method.  \nThe quality is an 8, out of 10.\nThe paper seems founded with a clear and straightforward explanation of the technical findings by the authors; nonetheless the absence of an, in depth examination of the time and space complexity associated with the suggested method could cast doubts on its real world usability. \nThe document is quite clear rating a 9 out of 10 in terms of clarity.\nThe article is nicely. The authors give a straightforward and concise overview of the background and purpose of their research project.The technical portions are thorough and simple to understand. \nThe text shows a level of originality scoring 8 out of 10.\nThe discovery of PSDD as a subset of AC with a polynomial time multiplication function is an significant finding indeed. Nevertheless the paper expands upon research, on arithmetic circuits and probabilistic graphical models. \nImportance rating of 8, out of 10.\nThe research paper makes an addition to the area of probabilistic graphical models and arithmetic circuits with its innovative approach that can be applied across various areas such as probabilistic inference and education, about probabilities. ",
    "ai_likelihood": 0.0011408605944321422,
    "avg_ai_likelihood": 0.0011408605944321422,
    "max_ai_likelihood": 0.0031322903103298614,
    "prediction": "Fully human-written",
    "fraction_ai_content": 0.0,
    "llm_prediction": {
        "GPT35": 0,
        "GPT4": 0,
        "CLAUDE": 0,
        "GOOGLE": 0,
        "OPENAI_O_SERIES": 0,
        "DEEPSEEK": 0,
        "GROK": 0,
        "NOVA": 0,
        "OTHER": 0,
        "HUMAN": 0
    },
    "windows": [
        {
            "text": "This research paper provides an examination of the manageability of arithmetic circuits (ACs) and their usage in probabilistic graphical models.The authors explore the complexities associated with multiplication and summing out operations using ACs and reveal that these operations pose challenges, for decomposable AC's.However a subset of ACs known as Probabilistic Sentential Decision Diagram(PSDDs) is identified to have a polynomial time multiplication capability.Furthermore the authors show that PSDDs do not support summing out in time. \nThe paper is well structured. The authors present a straightforward introduction to the background and reasons behind their work in a concise manner.The technical parts are thorough and simple to understand,supported by references to earlier studies.The results, from the experiments illustrate how well the proposed method works by indicating that PSDDs can be efficiently utilized in creating graphical models. \nThe papers notable aspects are; \nAfter conducting an examination of the feasibility of air conditioners (AC) and their functions\nThe incorporation of PSDD structures as a category, within AC frameworks accompanied by a polynomial time multiplication operator.\nHere are the technical findings presented in an brief manner.\nThe results, from the experiment showcase the success of the method suggested.\nThe paper has its shortcomings, such, as; \nThere is an absence of a direct comparison to other established methods, like Algebraic Decision Diagram (ADD) and Algebraic Sentential Decision Diagram (ASDD).\nThe experimental findings are limited in scope as they solely focus on Markov networks.\nThe lack of an examination regarding the time and space requirements of the suggested method. \nReasons supporting acceptance; \nThe article makes an addition, to the realm of probabilistic graphical models and arithmetic circuits.\nThe incorporation of PSDD as a subset of AC, with a polynomial time multiplication function is an significant discovery.\nThe results of the experiment show that the suggested method works well. \nSupporting points, in favor of acceptance; \nThe paper doesn't provide a comparison with other methods already, in use.\nThe experimental findings have a scope.\nThe lack of an examination of how the suggested method impacts time and space usage could lead to doubts, about its real world usefulness. \nIn my opinion\u200b I believe it would be beneficial to approve this paper because it brings an addition to the field and shows how well the proposed method works\u200b. Nevertheless\u200b I recommend that the authors focus on improving the areas of concern highlighted earlier\u200b by comparing their approach, with other methods and thoroughly examining the time and space complexity of their method.  \n",
            "ai_likelihood": 0.0003078248765733507,
            "prediction": "Unlikely AI",
            "llm_prediction": {
                "GPT35": 0.0,
                "GPT4": 0.0,
                "CLAUDE": 0.0,
                "GOOGLE": 0.0,
                "OPENAI_O_SERIES": 0.0,
                "DEEPSEEK": 0.0,
                "GROK": 0.0,
                "NOVA": 0.0,
                "OTHER": 0.0,
                "HUMAN": 0.0
            },
            "metadata": {
                "request_id": "a51ddbc7-56a8-4bf4-b842-102eebf13cd5"
            },
            "start_index": 0,
            "end_index": 2763
        },
        {
            "text": "s can be efficiently utilized in creating graphical models. \nThe papers notable aspects are; \nAfter conducting an examination of the feasibility of air conditioners (AC) and their functions\nThe incorporation of PSDD structures as a category, within AC frameworks accompanied by a polynomial time multiplication operator.\nHere are the technical findings presented in an brief manner.\nThe results, from the experiment showcase the success of the method suggested.\nThe paper has its shortcomings, such, as; \nThere is an absence of a direct comparison to other established methods, like Algebraic Decision Diagram (ADD) and Algebraic Sentential Decision Diagram (ASDD).\nThe experimental findings are limited in scope as they solely focus on Markov networks.\nThe lack of an examination regarding the time and space requirements of the suggested method. \nReasons supporting acceptance; \nThe article makes an addition, to the realm of probabilistic graphical models and arithmetic circuits.\nThe incorporation of PSDD as a subset of AC, with a polynomial time multiplication function is an significant discovery.\nThe results of the experiment show that the suggested method works well. \nSupporting points, in favor of acceptance; \nThe paper doesn't provide a comparison with other methods already, in use.\nThe experimental findings have a scope.\nThe lack of an examination of how the suggested method impacts time and space usage could lead to doubts, about its real world usefulness. \nIn my opinion\u200b I believe it would be beneficial to approve this paper because it brings an addition to the field and shows how well the proposed method works\u200b. Nevertheless\u200b I recommend that the authors focus on improving the areas of concern highlighted earlier\u200b by comparing their approach, with other methods and thoroughly examining the time and space complexity of their method.  \nThe quality is an 8, out of 10.\nThe paper seems founded with a clear and straightforward explanation of the technical findings by the authors; nonetheless the absence of an, in depth examination of the time and space complexity associated with the suggested method could cast doubts on its real world usability. \nThe document is quite clear rating a 9 out of 10 in terms of clarity.\nThe article is nicely. The authors give a straightforward and concise overview of the background and purpose of their research project.The technical portions are thorough and simple to understand. \nThe text shows a level of originality scoring 8 out of 10.\nThe discovery of PSDD as a subset of AC with a polynomial time multiplication function is an significant finding indeed. Nevertheless the paper expands upon research, on arithmetic circuits and probabilistic graphical models. \n",
            "ai_likelihood": 0.00038226445515950524,
            "prediction": "Unlikely AI",
            "llm_prediction": {
                "GPT35": 0.0,
                "GPT4": 0.0,
                "CLAUDE": 0.0,
                "GOOGLE": 0.0,
                "OPENAI_O_SERIES": 0.0,
                "DEEPSEEK": 0.0,
                "GROK": 0.0,
                "NOVA": 0.0,
                "OTHER": 0.0,
                "HUMAN": 0.0
            },
            "metadata": {
                "request_id": "a51ddbc7-56a8-4bf4-b842-102eebf13cd5"
            },
            "start_index": 899,
            "end_index": 3630
        },
        {
            "text": "Reasons supporting acceptance; \nThe article makes an addition, to the realm of probabilistic graphical models and arithmetic circuits.\nThe incorporation of PSDD as a subset of AC, with a polynomial time multiplication function is an significant discovery.\nThe results of the experiment show that the suggested method works well. \nSupporting points, in favor of acceptance; \nThe paper doesn't provide a comparison with other methods already, in use.\nThe experimental findings have a scope.\nThe lack of an examination of how the suggested method impacts time and space usage could lead to doubts, about its real world usefulness. \nIn my opinion\u200b I believe it would be beneficial to approve this paper because it brings an addition to the field and shows how well the proposed method works\u200b. Nevertheless\u200b I recommend that the authors focus on improving the areas of concern highlighted earlier\u200b by comparing their approach, with other methods and thoroughly examining the time and space complexity of their method.  \nThe quality is an 8, out of 10.\nThe paper seems founded with a clear and straightforward explanation of the technical findings by the authors; nonetheless the absence of an, in depth examination of the time and space complexity associated with the suggested method could cast doubts on its real world usability. \nThe document is quite clear rating a 9 out of 10 in terms of clarity.\nThe article is nicely. The authors give a straightforward and concise overview of the background and purpose of their research project.The technical portions are thorough and simple to understand. \nThe text shows a level of originality scoring 8 out of 10.\nThe discovery of PSDD as a subset of AC with a polynomial time multiplication function is an significant finding indeed. Nevertheless the paper expands upon research, on arithmetic circuits and probabilistic graphical models. \nImportance rating of 8, out of 10.\nThe research paper makes an addition to the area of probabilistic graphical models and arithmetic circuits with its innovative approach that can be applied across various areas such as probabilistic inference and education, about probabilities. ",
            "ai_likelihood": 0.0031322903103298614,
            "prediction": "Unlikely AI",
            "llm_prediction": {
                "GPT35": 0.0,
                "GPT4": 0.0,
                "CLAUDE": 0.0,
                "GOOGLE": 0.0,
                "OPENAI_O_SERIES": 0.0,
                "DEEPSEEK": 0.0,
                "GROK": 0.0,
                "NOVA": 0.0,
                "OTHER": 0.0,
                "HUMAN": 0.0
            },
            "metadata": {
                "request_id": "a51ddbc7-56a8-4bf4-b842-102eebf13cd5"
            },
            "start_index": 1748,
            "end_index": 3910
        }
    ],
    "window_likelihoods": [
        0.0003078248765733507,
        0.00038226445515950524,
        0.0031322903103298614
    ],
    "window_indices": [
        [
            0,
            2763
        ],
        [
            899,
            3630
        ],
        [
            1748,
            3910
        ]
    ],
    "max_chunk_length": 200,
    "min_chunk_length": 160,
    "num_chunks_per_window": 3,
    "metadata": {
        "request_id": "a51ddbc7-56a8-4bf4-b842-102eebf13cd5"
    }
}