{
    "text": "This article presents the Phased LSTM model as a variation of the typical LSTM unit that includes a time gate regulated by a parameterized oscillation mechanism.This modification enables the model to handle inputs collected at varying time intervals effectively for analyzing event triggered data and sensors with diverse sampling frequencies. The writers show how well Phased LSTM performs in tasks such, as distinguishing frequencies and adding tasks as well as recognizing events based on visuals.This technology achieves top notch results surpassing the performance of LSTM and batch normalized LSTM models. \nThe article is nicely written with an explanation of the Phased LSTM model and its benefits outlined by the authors.The thorough experimental findings showcase the models capacity to capture memory patterns and distinguish rhythmic signals effectively.Utilizing event driven data and diverse sensor sampling rates stands out as a strength of the Phased LSTM model making it a promising choice, for practical real world use cases. \nThe papers notable qualities are; \nA new and creative model has been introduced to tackle the shortcomings of LSTMs.\nThe Phased LSTM models effectiveness is supported by experimental findings.\nSuitable for use in real life scenarios due, to its capability to handle event driven data and sensors operating at varying sampling frequencies. \nThe papers shortcomings are as follows; \nThe intricacy of the model and the requirement, for parameters could pose challenges in terms of training and adjustment. \nThe absence of references to leading models like GRUs and different versions of LSTMs, for comparison.\nMore exploration and understanding of the findings are required. This includes delving into how the model can retain long term patterns and differentiate between rhythmic cues.\nReasons to consider; \nThe article presents an creative approach that tackles the constraints of conventional LSTMs.\nThe findings, from the experiment are detailed, showing how well the Phased LSTM model performs.\nThe model offers benefits when it comes to handling event triggered data and sensors that operate at varying sampling frequencies.\nReasons to oppose approval; \nThe intricacy of the model and the necessity, for parameters could pose challenges when it comes to training and fine tuning.\nThe papers impact and significance may be constrained by the absence of comparisons, to cutting edge models.\nThe papers impact on the field could be hindered by the requirement, for scrutiny and understanding of the findings. \nIn my opinion the paper is well crafted. Offers valuable insights into the realm of recurrent neural networks.The Phased LSTM model presents a method that tackles the drawbacks of conventional LSTMs and brings notable benefits, in handling event based data and sensors with varying sampling frequencies.I suggest accepting the paper with modifications to tackle the identified shortcomings and constraints. ",
    "ai_likelihood": 0.9043722509931895,
    "avg_ai_likelihood": 0.9043722509931895,
    "max_ai_likelihood": 0.94384765625,
    "prediction": "Fully AI-generated (or AI-assisted)",
    "fraction_ai_content": 1.0,
    "llm_prediction": {
        "GPT35": 0.37087602596587116,
        "GPT4": 0.1624108601199295,
        "CLAUDE": 0.011496409071018688,
        "GOOGLE": 0.3828397687389638,
        "OPENAI_O_SERIES": 0.00022889813979131286,
        "DEEPSEEK": 6.506310405786927e-05,
        "GROK": 1.5021440423804906e-05,
        "NOVA": 0.00011763814554118643,
        "OTHER": 0.047015677913135656,
        "HUMAN": 0.024934637361267012
    },
    "windows": [
        {
            "text": "This article presents the Phased LSTM model as a variation of the typical LSTM unit that includes a time gate regulated by a parameterized oscillation mechanism.This modification enables the model to handle inputs collected at varying time intervals effectively for analyzing event triggered data and sensors with diverse sampling frequencies. The writers show how well Phased LSTM performs in tasks such, as distinguishing frequencies and adding tasks as well as recognizing events based on visuals.This technology achieves top notch results surpassing the performance of LSTM and batch normalized LSTM models. \nThe article is nicely written with an explanation of the Phased LSTM model and its benefits outlined by the authors.The thorough experimental findings showcase the models capacity to capture memory patterns and distinguish rhythmic signals effectively.Utilizing event driven data and diverse sensor sampling rates stands out as a strength of the Phased LSTM model making it a promising choice, for practical real world use cases. \nThe papers notable qualities are; \nA new and creative model has been introduced to tackle the shortcomings of LSTMs.\nThe Phased LSTM models effectiveness is supported by experimental findings.\nSuitable for use in real life scenarios due, to its capability to handle event driven data and sensors operating at varying sampling frequencies. \nThe papers shortcomings are as follows; \nThe intricacy of the model and the requirement, for parameters could pose challenges in terms of training and adjustment. \nThe absence of references to leading models like GRUs and different versions of LSTMs, for comparison.\nMore exploration and understanding of the findings are required. This includes delving into how the model can retain long term patterns and differentiate between rhythmic cues.\nReasons to consider; \nThe article presents an creative approach that tackles the constraints of conventional LSTMs.\nThe findings, from the experiment are detailed, showing how well the Phased LSTM model performs.\nThe model offers benefits when it comes to handling event triggered data and sensors that operate at varying sampling frequencies.\nReasons to oppose approval; \nThe intricacy of the model and the necessity, for parameters could pose challenges when it comes to training and fine tuning.\nThe papers impact and significance may be constrained by the absence of comparisons, to cutting edge models.\nThe papers impact on the field could be hindered by the requirement, for scrutiny and understanding of the findings. \nIn my opinion the paper is well crafted. Offers valuable insights into the realm of recurrent neural networks.The",
            "ai_likelihood": 0.94384765625,
            "prediction": "Highly Likely AI",
            "llm_prediction": {
                "GPT35": 0.35791015625,
                "GPT4": 0.2978515625,
                "CLAUDE": 0.01629638671875,
                "GOOGLE": 0.2431640625,
                "OPENAI_O_SERIES": 0.00015664100646972656,
                "DEEPSEEK": 5.900859832763672e-05,
                "GROK": 6.496906280517578e-06,
                "NOVA": 0.0001474618911743164,
                "OTHER": 0.05810546875,
                "HUMAN": 0.026153564453125
            },
            "metadata": {
                "request_id": "9a296bbe-7315-421b-b6fa-59113c7ac13a"
            },
            "start_index": 0,
            "end_index": 2667
        },
        {
            "text": " out as a strength of the Phased LSTM model making it a promising choice, for practical real world use cases. \nThe papers notable qualities are; \nA new and creative model has been introduced to tackle the shortcomings of LSTMs.\nThe Phased LSTM models effectiveness is supported by experimental findings.\nSuitable for use in real life scenarios due, to its capability to handle event driven data and sensors operating at varying sampling frequencies. \nThe papers shortcomings are as follows; \nThe intricacy of the model and the requirement, for parameters could pose challenges in terms of training and adjustment. \nThe absence of references to leading models like GRUs and different versions of LSTMs, for comparison.\nMore exploration and understanding of the findings are required. This includes delving into how the model can retain long term patterns and differentiate between rhythmic cues.\nReasons to consider; \nThe article presents an creative approach that tackles the constraints of conventional LSTMs.\nThe findings, from the experiment are detailed, showing how well the Phased LSTM model performs.\nThe model offers benefits when it comes to handling event triggered data and sensors that operate at varying sampling frequencies.\nReasons to oppose approval; \nThe intricacy of the model and the necessity, for parameters could pose challenges when it comes to training and fine tuning.\nThe papers impact and significance may be constrained by the absence of comparisons, to cutting edge models.\nThe papers impact on the field could be hindered by the requirement, for scrutiny and understanding of the findings. \nIn my opinion the paper is well crafted. Offers valuable insights into the realm of recurrent neural networks.The Phased LSTM model presents a method that tackles the drawbacks of conventional LSTMs and brings notable benefits, in handling event based data and sensors with varying sampling frequencies.I suggest accepting the paper with modifications to tackle the identified shortcomings and constraints. ",
            "ai_likelihood": 0.853515625,
            "prediction": "Likely AI",
            "llm_prediction": {
                "GPT35": 0.3837890625,
                "GPT4": 0.026947021484375,
                "CLAUDE": 0.006694793701171875,
                "GOOGLE": 0.5224609375,
                "OPENAI_O_SERIES": 0.00030112266540527344,
                "DEEPSEEK": 7.110834121704102e-05,
                "GROK": 2.3543834686279297e-05,
                "NOVA": 8.779764175415039e-05,
                "OTHER": 0.035919189453125,
                "HUMAN": 0.023712158203125
            },
            "metadata": {
                "request_id": "9a296bbe-7315-421b-b6fa-59113c7ac13a"
            },
            "start_index": 933,
            "end_index": 2961
        }
    ],
    "window_likelihoods": [
        0.94384765625,
        0.853515625
    ],
    "window_indices": [
        [
            0,
            2667
        ],
        [
            933,
            2961
        ]
    ],
    "max_chunk_length": 200,
    "min_chunk_length": 160,
    "num_chunks_per_window": 3,
    "metadata": {
        "request_id": "9a296bbe-7315-421b-b6fa-59113c7ac13a"
    }
}