{
    "text": "This study introduces a connection, between boosting and support vector machines (SVM) that leads to the development of a fresh discriminant dimensionality reduction technique named Large Margin Discriminant Dimensionality Reduction (LADDER). The authors suggest that both boosting and SVM focus on maximizing the margin by merging a linear predictor with linear classification using distinct learning methods. The introduced LADDER algorithm effectively learns the mapping and linear classifiers simultaneously in a way that enables the creation of data oriented mappings capable of projecting data into various dimensions. \nThe essay is nicely written and well structured; it offers an introduction covering the context and previous research in a clear manner.The authors delve into the relationship between boosting and SVM with thoroughness. Go on to outline how this connection gives rise to the LADDER algorithm.The outcomes from experiments indicate that LADDER surpasses other methods of reducing dimensionality like PCA,LDA and kernel PCA, across multiple datasets. \nThe papers notable features comprise; \nThe contrasting relationship between boosting and SVM offers an outlook, on these widely used machine learning techniques. \nThe suggested LADDER method is effective and capable of acquiring embeddings of any size. \nThe results, from the experiments showcase how well LADDER performs across datasets. \nThe papers shortcomings are as follows; \nThe LADDER algorithms complexity might pose challenges when it comes to implementation and optimization. \nThe LADDER algorithm lacks, in depth analysis regarding its convergence and optimality. \nThe comparison is limited when looking at advanced techniques for reducing dimensions, like methods based on deep learning techniques. \nThe paper makes a contribution to the realm of machine learning and suggests that the LADDER algorithm could serve as a practical tool, for reducing dimensions and enhancing feature acquisition. \nLets consider the reasons supporting acceptance.\nThe article introduces an intriguing relationship, between boosting and Support Vector Machines (SVM).\nThe suggested LADDER method is effective and capable of acquiring embeddings of any size. \nThe results from the experiment show that LADDER is effective, across datasets. \nReasons supporting acceptance; \nThe practical application of the LADDER algorithm might be hindered by its complexity. \nThe weakness lies in the fact that the LADDER algorithm lacks theoretical analysis regarding its convergence and optimality. \nThe extent of comparison, to advanced dimensionality reduction methods is restricted. \nI suggest accepting the proposal, with some adjustments to tackle the mentioned shortcomings. ",
    "ai_likelihood": 0.9643075751345693,
    "avg_ai_likelihood": 0.9643075751345693,
    "max_ai_likelihood": 0.98291015625,
    "prediction": "Fully AI-generated (or AI-assisted)",
    "fraction_ai_content": 1.0,
    "llm_prediction": {
        "GPT35": 0.48809004151918467,
        "GPT4": 0.05080457108836225,
        "CLAUDE": 0.001785025470672187,
        "GOOGLE": 0.43115230599312826,
        "OPENAI_O_SERIES": 5.6854777611554034e-05,
        "DEEPSEEK": 1.3468741866049488e-05,
        "GROK": 1.638895581045845e-05,
        "NOVA": 0.00029997748753433673,
        "OTHER": 0.017510794734735064,
        "HUMAN": 0.010270571231095153
    },
    "windows": [
        {
            "text": "This study introduces a connection, between boosting and support vector machines (SVM) that leads to the development of a fresh discriminant dimensionality reduction technique named Large Margin Discriminant Dimensionality Reduction (LADDER). The authors suggest that both boosting and SVM focus on maximizing the margin by merging a linear predictor with linear classification using distinct learning methods. The introduced LADDER algorithm effectively learns the mapping and linear classifiers simultaneously in a way that enables the creation of data oriented mappings capable of projecting data into various dimensions. \nThe essay is nicely written and well structured; it offers an introduction covering the context and previous research in a clear manner.The authors delve into the relationship between boosting and SVM with thoroughness. Go on to outline how this connection gives rise to the LADDER algorithm.The outcomes from experiments indicate that LADDER surpasses other methods of reducing dimensionality like PCA,LDA and kernel PCA, across multiple datasets. \nThe papers notable features comprise; \nThe contrasting relationship between boosting and SVM offers an outlook, on these widely used machine learning techniques. \nThe suggested LADDER method is effective and capable of acquiring embeddings of any size. \nThe results, from the experiments showcase how well LADDER performs across datasets. \nThe papers shortcomings are as follows; \nThe LADDER algorithms complexity might pose challenges when it comes to implementation and optimization. \nThe LADDER algorithm lacks, in depth analysis regarding its convergence and optimality. \nThe comparison is limited when looking at advanced techniques for reducing dimensions, like methods based on deep learning techniques. \nThe paper makes a contribution to the realm of machine learning and suggests that the LADDER algorithm could serve as a practical tool, for reducing dimensions and enhancing feature acquisition. \nLets consider the reasons supporting acceptance.\nThe article introduces an intriguing relationship, between boosting and Support Vector Machines (SVM).\nThe suggested LADDER method is effective and capable of acquiring embeddings of any size. \nThe results from the experiment show that LADDER is effective, across datasets. \nReasons supporting acceptance; \nThe practical application of the LADDER algorithm might be hindered by its complexity. \nThe weakness lies in the fact that the LADDER algorithm lacks theoretical analysis regarding its convergence and optimality. \nThe extent of comparison, to advanced dimensionality reduction methods is restricted. \n",
            "ai_likelihood": 0.951171875,
            "prediction": "Highly Likely AI",
            "llm_prediction": {
                "GPT35": 0.256103515625,
                "GPT4": 0.06500244140625,
                "CLAUDE": 0.0020580291748046875,
                "GOOGLE": 0.63134765625,
                "OPENAI_O_SERIES": 4.780292510986328e-05,
                "DEEPSEEK": 1.9073486328125e-05,
                "GROK": 2.2649765014648438e-05,
                "NOVA": 7.50422477722168e-05,
                "OTHER": 0.02801513671875,
                "HUMAN": 0.017425537109375
            },
            "metadata": {
                "request_id": "db769ee6-ac4d-41f8-892a-1048868fce30"
            },
            "start_index": 0,
            "end_index": 2641
        },
        {
            "text": " from experiments indicate that LADDER surpasses other methods of reducing dimensionality like PCA,LDA and kernel PCA, across multiple datasets. \nThe papers notable features comprise; \nThe contrasting relationship between boosting and SVM offers an outlook, on these widely used machine learning techniques. \nThe suggested LADDER method is effective and capable of acquiring embeddings of any size. \nThe results, from the experiments showcase how well LADDER performs across datasets. \nThe papers shortcomings are as follows; \nThe LADDER algorithms complexity might pose challenges when it comes to implementation and optimization. \nThe LADDER algorithm lacks, in depth analysis regarding its convergence and optimality. \nThe comparison is limited when looking at advanced techniques for reducing dimensions, like methods based on deep learning techniques. \nThe paper makes a contribution to the realm of machine learning and suggests that the LADDER algorithm could serve as a practical tool, for reducing dimensions and enhancing feature acquisition. \nLets consider the reasons supporting acceptance.\nThe article introduces an intriguing relationship, between boosting and Support Vector Machines (SVM).\nThe suggested LADDER method is effective and capable of acquiring embeddings of any size. \nThe results from the experiment show that LADDER is effective, across datasets. \nReasons supporting acceptance; \nThe practical application of the LADDER algorithm might be hindered by its complexity. \nThe weakness lies in the fact that the LADDER algorithm lacks theoretical analysis regarding its convergence and optimality. \nThe extent of comparison, to advanced dimensionality reduction methods is restricted. \nI suggest accepting the proposal, with some adjustments to tackle the mentioned shortcomings. ",
            "ai_likelihood": 0.98291015625,
            "prediction": "Highly Likely AI",
            "llm_prediction": {
                "GPT35": 0.72021484375,
                "GPT4": 0.03662109375,
                "CLAUDE": 0.0015125274658203125,
                "GOOGLE": 0.2310791015625,
                "OPENAI_O_SERIES": 6.592273712158203e-05,
                "DEEPSEEK": 7.867813110351562e-06,
                "GROK": 1.0132789611816406e-05,
                "NOVA": 0.0005249977111816406,
                "OTHER": 0.00701141357421875,
                "HUMAN": 0.0031185150146484375
            },
            "metadata": {
                "request_id": "db769ee6-ac4d-41f8-892a-1048868fce30"
            },
            "start_index": 930,
            "end_index": 2735
        }
    ],
    "window_likelihoods": [
        0.951171875,
        0.98291015625
    ],
    "window_indices": [
        [
            0,
            2641
        ],
        [
            930,
            2735
        ]
    ],
    "max_chunk_length": 200,
    "min_chunk_length": 160,
    "num_chunks_per_window": 3,
    "metadata": {
        "request_id": "db769ee6-ac4d-41f8-892a-1048868fce30"
    }
}