{
    "text": "This research delves into the learning speeds for heavy tailed losses in the field of machine learning. The authors present two criteria in their study; the presence and L^\u221e integrability of the envelope function and the multi scale Bernsteins condition that extends the traditional Bernsteins condition for infinite losses. With these conditions in place they demonstrate that quicker learning rates, than O(n\u2212^12 ) are achievable and depending on factors they could approach O(n\u2212^11 ).The writers later confirm these beliefs in relation to the issue of vector quantization, through k means clustering with tailed distributions and establish fresh learning rates. \nThe paper is nicely. Offers a concise summary of the key concepts and contributions highlighted within it.The writers establish connections, between their research and earlier works discussed at NIPS and other relevant platforms. Showcasing a grasp of the established body of literature.The detailed technical validations are comprehensive and thoughtfully structured which aids in comprehension of the presented arguments. \nThe papers notable aspects are; \nThe inclusion of the scale Bernsteins criterion offers a broader approach to investigating rapid learning rates in scenarios, with unlimited losses. \nThe development of learning rates for k means clustering with heavy tailed distributions enhances and supplements current findings. \nProvided a method for confirming Bernsteins condition across multiple scales, in real world scenarios. \nSome drawbacks of the paper are; \nIn real world scenarios the idea of observations being independent and identically distributed may not always stand true. \nSome hypothesis classes might find the need, for an integrable envelope function limiting. \nThe failure to compare with reliable estimators, like the ones suggested in Brownlees et al.s work from 2015 and Hsu and Sabatos work from 2016. \nReasons supporting acceptance; \nThe research paper makes a contribution to improving our comprehension of rapid learning rates, in scenarios involving heavy tailed losses. \nThe incorporation of Bernsteins scale condition offers a fresh approach, to exploring rapid learning rates in scenarios involving unlimited losses. \nThe development of learning rates for k means clustering with heavy tailed distributions builds upon and adds to the current findings. \nReasons to oppose it; \nSome practical uses might find the assumptions to be overly limiting. \nThe paper would be improved by providing a thorough analysis of other reliable estimators. \nThe findings might not be immediately relevant, to intricate sets of hypotheses or observations that are not independent and identically distributed (non i.i.d.).\nIn my opinion it's an idea to approve the paper because it adds valuable insights to the field despite some weaknesses present in it.The authors could work on improving those points and including more comparisons with other reliable estimators, in their future research work. ",
    "ai_likelihood": 0.16882875230577257,
    "avg_ai_likelihood": 0.16882875230577257,
    "max_ai_likelihood": 0.3605143229166667,
    "prediction": "Uncertain: Possibly mixed content or heavily prompted AI outputs",
    "fraction_ai_content": 0.0,
    "llm_prediction": {
        "GPT35": 0,
        "GPT4": 0,
        "CLAUDE": 0,
        "GOOGLE": 0,
        "OPENAI_O_SERIES": 0,
        "DEEPSEEK": 0,
        "GROK": 0,
        "NOVA": 0,
        "OTHER": 0,
        "HUMAN": 0
    },
    "windows": [
        {
            "text": "This research delves into the learning speeds for heavy tailed losses in the field of machine learning. The authors present two criteria in their study; the presence and L^\u221e integrability of the envelope function and the multi scale Bernsteins condition that extends the traditional Bernsteins condition for infinite losses. With these conditions in place they demonstrate that quicker learning rates, than O(n\u2212^12 ) are achievable and depending on factors they could approach O(n\u2212^11 ).The writers later confirm these beliefs in relation to the issue of vector quantization, through k means clustering with tailed distributions and establish fresh learning rates. \nThe paper is nicely. Offers a concise summary of the key concepts and contributions highlighted within it.The writers establish connections, between their research and earlier works discussed at NIPS and other relevant platforms. Showcasing a grasp of the established body of literature.The detailed technical validations are comprehensive and thoughtfully structured which aids in comprehension of the presented arguments. \nThe papers notable aspects are; \nThe inclusion of the scale Bernsteins criterion offers a broader approach to investigating rapid learning rates in scenarios, with unlimited losses. \nThe development of learning rates for k means clustering with heavy tailed distributions enhances and supplements current findings. \nProvided a method for confirming Bernsteins condition across multiple scales, in real world scenarios. \nSome drawbacks of the paper are; \nIn real world scenarios the idea of observations being independent and identically distributed may not always stand true. \nSome hypothesis classes might find the need, for an integrable envelope function limiting. \nThe failure to compare with reliable estimators, like the ones suggested in Brownlees et al.s work from 2015 and Hsu and Sabatos work from 2016. \nReasons supporting acceptance; \nThe research paper makes a contribution to improving our comprehension of rapid learning rates, in scenarios involving heavy tailed losses. \nThe incorporation of Bernsteins scale condition offers a fresh approach, to exploring rapid learning rates in scenarios involving unlimited losses. \nThe development of learning rates for k means clustering with heavy tailed distributions builds upon and adds to the current findings. \nReasons to oppose it; \nSome practical uses might find the assumptions to be overly limiting. \nThe paper would be improved by providing a thorough analysis of other reliable estimators. \n",
            "ai_likelihood": 0.011995103624131946,
            "prediction": "Unlikely AI",
            "llm_prediction": {
                "GPT35": 0.0,
                "GPT4": 0.0,
                "CLAUDE": 0.0,
                "GOOGLE": 0.0,
                "OPENAI_O_SERIES": 0.0,
                "DEEPSEEK": 0.0,
                "GROK": 0.0,
                "NOVA": 0.0,
                "OTHER": 0.0,
                "HUMAN": 0.0
            },
            "metadata": {
                "request_id": "8b9903cd-2c4a-4b40-8af3-7eb15bc70bc3"
            },
            "start_index": 0,
            "end_index": 2550
        },
        {
            "text": "Showcasing a grasp of the established body of literature.The detailed technical validations are comprehensive and thoughtfully structured which aids in comprehension of the presented arguments. \nThe papers notable aspects are; \nThe inclusion of the scale Bernsteins criterion offers a broader approach to investigating rapid learning rates in scenarios, with unlimited losses. \nThe development of learning rates for k means clustering with heavy tailed distributions enhances and supplements current findings. \nProvided a method for confirming Bernsteins condition across multiple scales, in real world scenarios. \nSome drawbacks of the paper are; \nIn real world scenarios the idea of observations being independent and identically distributed may not always stand true. \nSome hypothesis classes might find the need, for an integrable envelope function limiting. \nThe failure to compare with reliable estimators, like the ones suggested in Brownlees et al.s work from 2015 and Hsu and Sabatos work from 2016. \nReasons supporting acceptance; \nThe research paper makes a contribution to improving our comprehension of rapid learning rates, in scenarios involving heavy tailed losses. \nThe incorporation of Bernsteins scale condition offers a fresh approach, to exploring rapid learning rates in scenarios involving unlimited losses. \nThe development of learning rates for k means clustering with heavy tailed distributions builds upon and adds to the current findings. \nReasons to oppose it; \nSome practical uses might find the assumptions to be overly limiting. \nThe paper would be improved by providing a thorough analysis of other reliable estimators. \nThe findings might not be immediately relevant, to intricate sets of hypotheses or observations that are not independent and identically distributed (non i.i.d.).\nIn my opinion it's an idea to approve the paper because it adds valuable insights to the field despite some weaknesses present in it.The authors could work on improving those points and including more comparisons with other reliable estimators, in their future research work. ",
            "ai_likelihood": 0.3605143229166667,
            "prediction": "Possibly AI",
            "llm_prediction": {
                "GPT35": 0.0,
                "GPT4": 0.0,
                "CLAUDE": 0.0,
                "GOOGLE": 0.0,
                "OPENAI_O_SERIES": 0.0,
                "DEEPSEEK": 0.0,
                "GROK": 0.0,
                "NOVA": 0.0,
                "OTHER": 0.0,
                "HUMAN": 0.0
            },
            "metadata": {
                "request_id": "8b9903cd-2c4a-4b40-8af3-7eb15bc70bc3"
            },
            "start_index": 896,
            "end_index": 2989
        }
    ],
    "window_likelihoods": [
        0.011995103624131946,
        0.3605143229166667
    ],
    "window_indices": [
        [
            0,
            2550
        ],
        [
            896,
            2989
        ]
    ],
    "max_chunk_length": 200,
    "min_chunk_length": 160,
    "num_chunks_per_window": 3,
    "metadata": {
        "request_id": "8b9903cd-2c4a-4b40-8af3-7eb15bc70bc3"
    }
}