{
    "text": "This research introduces a way to learn visual similarities among a large set of examples without supervision using convolutional neural networks (CNNs). The authors highlight the drawbacks of approaches that either depend on significant labeled data or struggle with an imbalance between positive and negative samples. Their method CliqueCNN tackles these challenges through an optimization process that picks batches of concise and distinct groups of samples without labels to facilitate learning similarities as a categorization task, in separate batches. \nThe paper is nicely. The authors give a clear and concise summary of their proposed methods approach in a detailed manner.The thorough experimental evaluation includes results from three datasets (namely Olympic Sports Leeds Sports and PASCAL VOC 2007) illustrating the effectiveness of their method.The authors also offer an, in depth examination of the outcomes by pointing out the pros and cons of their approach. \nThe papers strong points are as follows; \nThe new technique is unique. Tackles a major drawback found in current methods, for learning visual similarities without supervision. \nThe thorough assessment included testing across various datasets and comparisons with the latest techniques available, in the field. \nThe authors present an succinct summary of the suggested method that simplifies comprehension and application. \nThe papers shortcomings are as follows; \nThe optimization issue discussed in the document is deemed NP hard. Might restrict the methods scalability when dealing with extensive datasets. \nThe writers haven't thoroughly examined the intricacies of the suggested approach\u2014a potential issue, for broad scale applications. \nThe paper would be improved by delving into the limitations of the method and exploring possible directions, for future research. \nIn my opinion the paper is nicely written with an efficient proposed method. The thorough experimental assessment showcases the approachs capability, for learning similarities without supervision. \nIn favor of accepting the arguments; \nThe new approach is unique. Tackles a major drawback of current methods. \nThe thorough assessment includes experimentation across various data sets and comparisons to cutting edge techniques, in the field. \nThe writers offer an brief summary of the suggested method. \nReasons supporting acceptance; \nThe issue tackled in the paper involves an optimization problem that is classified as NP hard and could hinder the potential, for scalability of this method. \nThe authors did not delve into an examination of the computational intricacies of the method they put forward. \nThe paper would be improved with a thorough exploration of the constraints of the method and possible directions, for future studies. \nRating is 8, out of 10. \nI suggest accepting the proposal with some changes to tackle the constraints and offer a thorough examination of the computational intricacies and potential directions, for upcoming studies. ",
    "ai_likelihood": 0.16655785828336242,
    "avg_ai_likelihood": 0.16655785828336242,
    "max_ai_likelihood": 0.3797743055555556,
    "prediction": "Uncertain: Possibly mixed content or heavily prompted AI outputs",
    "fraction_ai_content": 0.0,
    "llm_prediction": {
        "GPT35": 0,
        "GPT4": 0,
        "CLAUDE": 0,
        "GOOGLE": 0,
        "OPENAI_O_SERIES": 0,
        "DEEPSEEK": 0,
        "GROK": 0,
        "NOVA": 0,
        "OTHER": 0,
        "HUMAN": 0
    },
    "windows": [
        {
            "text": "This research introduces a way to learn visual similarities among a large set of examples without supervision using convolutional neural networks (CNNs). The authors highlight the drawbacks of approaches that either depend on significant labeled data or struggle with an imbalance between positive and negative samples. Their method CliqueCNN tackles these challenges through an optimization process that picks batches of concise and distinct groups of samples without labels to facilitate learning similarities as a categorization task, in separate batches. \nThe paper is nicely. The authors give a clear and concise summary of their proposed methods approach in a detailed manner.The thorough experimental evaluation includes results from three datasets (namely Olympic Sports Leeds Sports and PASCAL VOC 2007) illustrating the effectiveness of their method.The authors also offer an, in depth examination of the outcomes by pointing out the pros and cons of their approach. \nThe papers strong points are as follows; \nThe new technique is unique. Tackles a major drawback found in current methods, for learning visual similarities without supervision. \nThe thorough assessment included testing across various datasets and comparisons with the latest techniques available, in the field. \nThe authors present an succinct summary of the suggested method that simplifies comprehension and application. \nThe papers shortcomings are as follows; \nThe optimization issue discussed in the document is deemed NP hard. Might restrict the methods scalability when dealing with extensive datasets. \nThe writers haven't thoroughly examined the intricacies of the suggested approach\u2014a potential issue, for broad scale applications. \nThe paper would be improved by delving into the limitations of the method and exploring possible directions, for future research. \nIn my opinion the paper is nicely written with an efficient proposed method. The thorough experimental assessment showcases the approachs capability, for learning similarities without supervision. \nIn favor of accepting the arguments; \nThe new approach is unique. Tackles a major drawback of current methods. \nThe thorough assessment includes experimentation across various data sets and comparisons to cutting edge techniques, in the field. \nThe writers offer an brief summary of the suggested method. \nReasons supporting acceptance; \nThe issue tackled in the paper involves an optimization problem that is classified as NP hard and could hinder the potential, for scalability of this method. \nThe authors did not delve into an examination of the computational intricacies of the method they put forward. \nThe paper would be improved with a thorough exploration of the constraints of the method and possible directions, for future studies. \n",
            "ai_likelihood": 0.0006771087646484375,
            "prediction": "Unlikely AI",
            "llm_prediction": {
                "GPT35": 0.0,
                "GPT4": 0.0,
                "CLAUDE": 0.0,
                "GOOGLE": 0.0,
                "OPENAI_O_SERIES": 0.0,
                "DEEPSEEK": 0.0,
                "GROK": 0.0,
                "NOVA": 0.0,
                "OTHER": 0.0,
                "HUMAN": 0.0
            },
            "metadata": {
                "request_id": "f156a869-44fd-4c46-b103-58f0e69a63e5"
            },
            "start_index": 0,
            "end_index": 2793
        },
        {
            "text": " pointing out the pros and cons of their approach. \nThe papers strong points are as follows; \nThe new technique is unique. Tackles a major drawback found in current methods, for learning visual similarities without supervision. \nThe thorough assessment included testing across various datasets and comparisons with the latest techniques available, in the field. \nThe authors present an succinct summary of the suggested method that simplifies comprehension and application. \nThe papers shortcomings are as follows; \nThe optimization issue discussed in the document is deemed NP hard. Might restrict the methods scalability when dealing with extensive datasets. \nThe writers haven't thoroughly examined the intricacies of the suggested approach\u2014a potential issue, for broad scale applications. \nThe paper would be improved by delving into the limitations of the method and exploring possible directions, for future research. \nIn my opinion the paper is nicely written with an efficient proposed method. The thorough experimental assessment showcases the approachs capability, for learning similarities without supervision. \nIn favor of accepting the arguments; \nThe new approach is unique. Tackles a major drawback of current methods. \nThe thorough assessment includes experimentation across various data sets and comparisons to cutting edge techniques, in the field. \nThe writers offer an brief summary of the suggested method. \nReasons supporting acceptance; \nThe issue tackled in the paper involves an optimization problem that is classified as NP hard and could hinder the potential, for scalability of this method. \nThe authors did not delve into an examination of the computational intricacies of the method they put forward. \nThe paper would be improved with a thorough exploration of the constraints of the method and possible directions, for future studies. \nRating is 8, out of 10. \nI suggest accepting the proposal with some changes to tackle the constraints and offer a thorough examination of the computational intricacies and potential directions, for upcoming studies. ",
            "ai_likelihood": 0.3797743055555556,
            "prediction": "Possibly AI",
            "llm_prediction": {
                "GPT35": 0.0,
                "GPT4": 0.0,
                "CLAUDE": 0.0,
                "GOOGLE": 0.0,
                "OPENAI_O_SERIES": 0.0,
                "DEEPSEEK": 0.0,
                "GROK": 0.0,
                "NOVA": 0.0,
                "OTHER": 0.0,
                "HUMAN": 0.0
            },
            "metadata": {
                "request_id": "f156a869-44fd-4c46-b103-58f0e69a63e5"
            },
            "start_index": 926,
            "end_index": 3009
        }
    ],
    "window_likelihoods": [
        0.0006771087646484375,
        0.3797743055555556
    ],
    "window_indices": [
        [
            0,
            2793
        ],
        [
            926,
            3009
        ]
    ],
    "max_chunk_length": 200,
    "min_chunk_length": 160,
    "num_chunks_per_window": 3,
    "metadata": {
        "request_id": "f156a869-44fd-4c46-b103-58f0e69a63e5"
    }
}