{
    "text": "This paper presents a category of Bayesian models known as Kolchin partition (KP) models that demonstrate the microclustering feature that is crucial for scenarios where the cluster size should not be dependent on the datasets size and where each cluster should hold only a small portion of the total data points\u2014especially in tasks, like entity resolution. The writers explain the concept of microclustering. Demonstrate that certain clustering models with infinite exchangeability. Such, as finite mixture models and Dirichlet process mixture models. Do not display this property. \nThe paper discusses two KP models. The negative binomial negative binomial (NNNB)) model and the negative binomial dirichlet (NDL)) model and shows how they demonstrate the microclustering characteristic effectively\u200b\u200b\u200b. The researchers also introduce a fresh Gibbs sampling technique called the chaperones algorithm that is tailored for microclustering scenarios\u200b. \nThe study assesses how well the NBN and NBD models perform on four sets of entity resolution data by comparing them to two clustering models that can be infinitely exchanged. The Dirichlet process mixture model and the Pitman Yor process mixture model. The findings indicate that the NBN and NBD models tend to outperform the exchangeable models across most data sets with a notable improvement in performance, in cases where the data is noisy. \nThis paper excels, in the following aspects; \nThe unveiling of a category of Bayesian models capable of showcasing the microclustering trait necessary, for specific applications. \nA fresh Gibbs sampling algorithm called the chaperones algorithm has been created specifically for microclustering purposes. \nThe testing of how the suggested models perform on real life datasets to show how effective they are. \nThe paper has some areas of improvement such, as... \nThe paper presumes that readers have knowledge of Bayesian nonparametrics and clustering models; this might make it challenging for a wider audience to understand the content fully. \nThe paper might be improved by providing a thorough analysis comparing it to other models that also show the microclustering property. \nThe findings from the Syria2000 and SyriaSizes datasets are inconclusive according to the authors who recognize the level of noise and complexity present, in these datasets. \nReasons supporting acceptance; \nThe paper presents a category of Bayesian models capable of showcasing the microclustering feature\u2014a valuable addition, to the field. \nThe paper shows how well the suggested models work with real world data sets. \nThe article is nicely. Well structured for easy comprehension. \nArguments, in favor of acceptance; \nThe paper presupposes an understanding of Bayesian nonparametrics and clustering models. \nThe findings, from datasets are not definitive and could potentially hinder the papers overall influence. \nThe paper would be improved by providing a thorough comparison, to other models that also demonstrate the microclustering property. \nOn the whole I'd suggest approving this document as it adds insights, to the realm of Bayesian nonparametrics and clustering models and showcases how well the suggested models work on practical data sets.However I'd recommend that the authors tackle the identified shortcomings to enhance the papers readability and influence. ",
    "ai_likelihood": 0.5484426282186725,
    "avg_ai_likelihood": 0.5484426282186725,
    "max_ai_likelihood": 0.78271484375,
    "prediction": "Uncertain: Possibly mixed content or heavily prompted AI outputs",
    "fraction_ai_content": 0.5,
    "llm_prediction": {
        "GPT35": 0.2773849017036164,
        "GPT4": 0.35625402428307773,
        "CLAUDE": 0.0042044201375080505,
        "GOOGLE": 0.2181720155564976,
        "OPENAI_O_SERIES": 0.0008508037120365655,
        "DEEPSEEK": 0.00013734947817630654,
        "GROK": 2.271273922967569e-05,
        "NOVA": 0.00016083719276027561,
        "OTHER": 0.02463133975295097,
        "HUMAN": 0.11818159544414643
    },
    "windows": [
        {
            "text": "This paper presents a category of Bayesian models known as Kolchin partition (KP) models that demonstrate the microclustering feature that is crucial for scenarios where the cluster size should not be dependent on the datasets size and where each cluster should hold only a small portion of the total data points\u2014especially in tasks, like entity resolution. The writers explain the concept of microclustering. Demonstrate that certain clustering models with infinite exchangeability. Such, as finite mixture models and Dirichlet process mixture models. Do not display this property. \nThe paper discusses two KP models. The negative binomial negative binomial (NNNB)) model and the negative binomial dirichlet (NDL)) model and shows how they demonstrate the microclustering characteristic effectively\u200b\u200b\u200b. The researchers also introduce a fresh Gibbs sampling technique called the chaperones algorithm that is tailored for microclustering scenarios\u200b. \nThe study assesses how well the NBN and NBD models perform on four sets of entity resolution data by comparing them to two clustering models that can be infinitely exchanged. The Dirichlet process mixture model and the Pitman Yor process mixture model. The findings indicate that the NBN and NBD models tend to outperform the exchangeable models across most data sets with a notable improvement in performance, in cases where the data is noisy. \nThis paper excels, in the following aspects; \nThe unveiling of a category of Bayesian models capable of showcasing the microclustering trait necessary, for specific applications. \nA fresh Gibbs sampling algorithm called the chaperones algorithm has been created specifically for microclustering purposes. \nThe testing of how the suggested models perform on real life datasets to show how effective they are. \nThe paper has some areas of improvement such, as... \nThe paper presumes that readers have knowledge of Bayesian nonparametrics and clustering models; this might make it challenging for a wider audience to understand the content fully. \nThe paper might be improved by providing a thorough analysis comparing it to other models that also show the microclustering property. \nThe findings from the Syria2000 and SyriaSizes datasets are inconclusive according to the authors who recognize the level of noise and complexity present, in these datasets. \nReasons supporting acceptance; \nThe paper presents a category of Bayesian models capable of showcasing the microclustering feature\u2014a valuable addition, to the field. \nThe paper shows how well the suggested models work with real world data sets. \n",
            "ai_likelihood": 0.3306749131944445,
            "prediction": "Possibly AI",
            "llm_prediction": {
                "GPT35": 0.0,
                "GPT4": 0.0,
                "CLAUDE": 0.0,
                "GOOGLE": 0.0,
                "OPENAI_O_SERIES": 0.0,
                "DEEPSEEK": 0.0,
                "GROK": 0.0,
                "NOVA": 0.0,
                "OTHER": 0.0,
                "HUMAN": 0.0
            },
            "metadata": {
                "request_id": "9985a1e6-2d9f-42fd-bff7-673b056e5cbe"
            },
            "start_index": 0,
            "end_index": 2598
        },
        {
            "text": "The study assesses how well the NBN and NBD models perform on four sets of entity resolution data by comparing them to two clustering models that can be infinitely exchanged. The Dirichlet process mixture model and the Pitman Yor process mixture model. The findings indicate that the NBN and NBD models tend to outperform the exchangeable models across most data sets with a notable improvement in performance, in cases where the data is noisy. \nThis paper excels, in the following aspects; \nThe unveiling of a category of Bayesian models capable of showcasing the microclustering trait necessary, for specific applications. \nA fresh Gibbs sampling algorithm called the chaperones algorithm has been created specifically for microclustering purposes. \nThe testing of how the suggested models perform on real life datasets to show how effective they are. \nThe paper has some areas of improvement such, as... \nThe paper presumes that readers have knowledge of Bayesian nonparametrics and clustering models; this might make it challenging for a wider audience to understand the content fully. \nThe paper might be improved by providing a thorough analysis comparing it to other models that also show the microclustering property. \nThe findings from the Syria2000 and SyriaSizes datasets are inconclusive according to the authors who recognize the level of noise and complexity present, in these datasets. \nReasons supporting acceptance; \nThe paper presents a category of Bayesian models capable of showcasing the microclustering feature\u2014a valuable addition, to the field. \nThe paper shows how well the suggested models work with real world data sets. \nThe article is nicely. Well structured for easy comprehension. \nArguments, in favor of acceptance; \nThe paper presupposes an understanding of Bayesian nonparametrics and clustering models. \nThe findings, from datasets are not definitive and could potentially hinder the papers overall influence. \nThe paper would be improved by providing a thorough comparison, to other models that also demonstrate the microclustering property. \nOn the whole I'd suggest approving this document as it adds insights, to the realm of Bayesian nonparametrics and clustering models and showcases how well the suggested models work on practical data sets.However I'd recommend that the authors tackle the identified shortcomings to enhance the papers readability and influence. ",
            "ai_likelihood": 0.78271484375,
            "prediction": "Likely AI",
            "llm_prediction": {
                "GPT35": 0.27734375,
                "GPT4": 0.356201171875,
                "CLAUDE": 0.00420379638671875,
                "GOOGLE": 0.2181396484375,
                "OPENAI_O_SERIES": 0.000850677490234375,
                "DEEPSEEK": 0.0001373291015625,
                "GROK": 2.2709369659423828e-05,
                "NOVA": 0.0001608133316040039,
                "OTHER": 0.024627685546875,
                "HUMAN": 0.1181640625
            },
            "metadata": {
                "request_id": "9985a1e6-2d9f-42fd-bff7-673b056e5cbe"
            },
            "start_index": 950,
            "end_index": 3355
        }
    ],
    "window_likelihoods": [
        0.3306749131944445,
        0.78271484375
    ],
    "window_indices": [
        [
            0,
            2598
        ],
        [
            950,
            3355
        ]
    ],
    "max_chunk_length": 200,
    "min_chunk_length": 160,
    "num_chunks_per_window": 3,
    "metadata": {
        "request_id": "9985a1e6-2d9f-42fd-bff7-673b056e5cbe"
    }
}