{
    "text": "This article suggests a method for likelihood free inference that relies on Bayesian conditional density estimation techniques. The researchers present an approach that can capture the posterior distribution in a versatile manner to enable precise and effective inference, in models based on simulation. The main concept involves employing a density estimator to grasp the posterior distribution and leverage it to enhance the accuracy of future simulations and inference results. \nThe article is nicely written with an concise introduction to the issue of likelihood free inference and the shortcomings of current methods outlined by the authors.Their suggested method is explained in detail with a description of the algorithm and its components provided.The paper also features an, in depth examination of research showcasing the strengths and weaknesses of current methods. \nThe papers positive aspects are; \nThe new method is innovative. Tackles the shortcomings of current techniques by avoiding the reliance, on numerous simulations and the challenge of depicting intricate posterior distributions. \nThe writers conduct an assessment of the approach by conducting experiments, on various standard issues and comparing it with established techniques. \nThe document is nicely. The writers offer a straightforward and succinct description of the suggested method and its elements. \nSome drawbacks of the paper are; \nThe method suggested demands a portion of computing power; especially when dealing with extensive challenges. \nThe authors believe that having access, to a simulator based model is not always guaranteed in real world scenarios. \nThe article could use an examination of the theoretical characteristics of the suggested method regarding its reliability and speed of reaching a conclusion. \nReasons supporting acceptance; \nThe new strategy is innovative. Overcomes the shortcomings of current techniques. \nThe writers conduct an assessment of the technique by conducting experiments, on various standard problems and contrasting it with current methods. \nThe essay is nicely structured with an concise description of the suggested method and its elements. \nPoints supporting acceptance; \nThe suggested method involves using a quantity of computing power which is especially needed for solving extensive issues. \nThe writers believe that the model relying on a simulator may not be accessible at all times, in real world scenarios. \nThe article would be improved by delving into the theoretical aspects of the suggested method, like its reliability and how quickly it reaches a conclusion. \nIn my opinion The paper adds a perspective to likelihood free inference and offers a fresh and efficient strategy for tackling the obstacles, in simulator centric models. Although there are some drawbacks and areas that could be enhanced the paper is nicely. The authors present a comprehensive assessment of the technique. I support accepting the paper.  \nThe quality is impressive scoring an 8 out of 10.\nThe article is nicely written with an concise explanation of the suggested method and its elements included by the authors.The assessment of the technique is detailed. Comes with an extensive examination of previous studies, in the field. \nThe clarity of the text is excellent scoring a 9 out of 10.\nThe article is nicely structured with an explanation, by the authors regarding the proposed method and its elements. \nThe level of creativity stands at 8 out of 10.\nThe new method suggested is innovative and overcomes the shortcomings of techniques; nevertheless employing neural density estimators is not groundbreaking and the authors might have offered additional background and rationale for their strategy. \nThe importance is rated at 8 out of 10.\nThe research paper adds insights to the realm of likelihood free inference and offers a fresh and practical method for tackling the obstacles posed by models based on simulation techniques.However the paper could have an influence, by delving into a more thorough examination of the theoretical aspects of the suggested approach and its practical implications. ",
    "ai_likelihood": 0.06397471926702684,
    "avg_ai_likelihood": 0.06397471926702684,
    "max_ai_likelihood": 0.17564561631944445,
    "prediction": "Fully human-written",
    "fraction_ai_content": 0.0,
    "llm_prediction": {
        "GPT35": 0,
        "GPT4": 0,
        "CLAUDE": 0,
        "GOOGLE": 0,
        "OPENAI_O_SERIES": 0,
        "DEEPSEEK": 0,
        "GROK": 0,
        "NOVA": 0,
        "OTHER": 0,
        "HUMAN": 0
    },
    "windows": [
        {
            "text": "This article suggests a method for likelihood free inference that relies on Bayesian conditional density estimation techniques. The researchers present an approach that can capture the posterior distribution in a versatile manner to enable precise and effective inference, in models based on simulation. The main concept involves employing a density estimator to grasp the posterior distribution and leverage it to enhance the accuracy of future simulations and inference results. \nThe article is nicely written with an concise introduction to the issue of likelihood free inference and the shortcomings of current methods outlined by the authors.Their suggested method is explained in detail with a description of the algorithm and its components provided.The paper also features an, in depth examination of research showcasing the strengths and weaknesses of current methods. \nThe papers positive aspects are; \nThe new method is innovative. Tackles the shortcomings of current techniques by avoiding the reliance, on numerous simulations and the challenge of depicting intricate posterior distributions. \nThe writers conduct an assessment of the approach by conducting experiments, on various standard issues and comparing it with established techniques. \nThe document is nicely. The writers offer a straightforward and succinct description of the suggested method and its elements. \nSome drawbacks of the paper are; \nThe method suggested demands a portion of computing power; especially when dealing with extensive challenges. \nThe authors believe that having access, to a simulator based model is not always guaranteed in real world scenarios. \nThe article could use an examination of the theoretical characteristics of the suggested method regarding its reliability and speed of reaching a conclusion. \nReasons supporting acceptance; \nThe new strategy is innovative. Overcomes the shortcomings of current techniques. \nThe writers conduct an assessment of the technique by conducting experiments, on various standard problems and contrasting it with current methods. \nThe essay is nicely structured with an concise description of the suggested method and its elements. \nPoints supporting acceptance; \nThe suggested method involves using a quantity of computing power which is especially needed for solving extensive issues. \nThe writers believe that the model relying on a simulator may not be accessible at all times, in real world scenarios. \nThe article would be improved by delving into the theoretical aspects of the suggested method, like its reliability and how quickly it reaches a conclusion. \nIn my opinion The paper adds a perspective to likelihood free inference and offers a fresh and efficient strategy for tackling the obstacles, in simulator centric models. Although there are some drawbacks and areas that could be enhanced the paper is nicely. The authors present a comprehensive assessment of the technique. I support accepting the paper.  \n",
            "ai_likelihood": 0.04197862413194445,
            "prediction": "Unlikely AI",
            "llm_prediction": {
                "GPT35": 0.0,
                "GPT4": 0.0,
                "CLAUDE": 0.0,
                "GOOGLE": 0.0,
                "OPENAI_O_SERIES": 0.0,
                "DEEPSEEK": 0.0,
                "GROK": 0.0,
                "NOVA": 0.0,
                "OTHER": 0.0,
                "HUMAN": 0.0
            },
            "metadata": {
                "request_id": "8324ed89-092e-46d9-a2bf-da99f0aae80b"
            },
            "start_index": 0,
            "end_index": 2964
        },
        {
            "text": "The writers conduct an assessment of the approach by conducting experiments, on various standard issues and comparing it with established techniques. \nThe document is nicely. The writers offer a straightforward and succinct description of the suggested method and its elements. \nSome drawbacks of the paper are; \nThe method suggested demands a portion of computing power; especially when dealing with extensive challenges. \nThe authors believe that having access, to a simulator based model is not always guaranteed in real world scenarios. \nThe article could use an examination of the theoretical characteristics of the suggested method regarding its reliability and speed of reaching a conclusion. \nReasons supporting acceptance; \nThe new strategy is innovative. Overcomes the shortcomings of current techniques. \nThe writers conduct an assessment of the technique by conducting experiments, on various standard problems and contrasting it with current methods. \nThe essay is nicely structured with an concise description of the suggested method and its elements. \nPoints supporting acceptance; \nThe suggested method involves using a quantity of computing power which is especially needed for solving extensive issues. \nThe writers believe that the model relying on a simulator may not be accessible at all times, in real world scenarios. \nThe article would be improved by delving into the theoretical aspects of the suggested method, like its reliability and how quickly it reaches a conclusion. \nIn my opinion The paper adds a perspective to likelihood free inference and offers a fresh and efficient strategy for tackling the obstacles, in simulator centric models. Although there are some drawbacks and areas that could be enhanced the paper is nicely. The authors present a comprehensive assessment of the technique. I support accepting the paper.  \nThe quality is impressive scoring an 8 out of 10.\nThe article is nicely written with an concise explanation of the suggested method and its elements included by the authors.The assessment of the technique is detailed. Comes with an extensive examination of previous studies, in the field. \nThe clarity of the text is excellent scoring a 9 out of 10.\nThe article is nicely structured with an explanation, by the authors regarding the proposed method and its elements. \nThe level of creativity stands at 8 out of 10.\nThe new method suggested is innovative and overcomes the shortcomings of techniques; nevertheless employing neural density estimators is not groundbreaking and the authors might have offered additional background and rationale for their strategy. \nThe importance is rated at 8 out of 10.\n",
            "ai_likelihood": 3.960397508409288e-05,
            "prediction": "Unlikely AI",
            "llm_prediction": {
                "GPT35": 0.0,
                "GPT4": 0.0,
                "CLAUDE": 0.0,
                "GOOGLE": 0.0,
                "OPENAI_O_SERIES": 0.0,
                "DEEPSEEK": 0.0,
                "GROK": 0.0,
                "NOVA": 0.0,
                "OTHER": 0.0,
                "HUMAN": 0.0
            },
            "metadata": {
                "request_id": "8324ed89-092e-46d9-a2bf-da99f0aae80b"
            },
            "start_index": 1107,
            "end_index": 3767
        },
        {
            "text": "The essay is nicely structured with an concise description of the suggested method and its elements. \nPoints supporting acceptance; \nThe suggested method involves using a quantity of computing power which is especially needed for solving extensive issues. \nThe writers believe that the model relying on a simulator may not be accessible at all times, in real world scenarios. \nThe article would be improved by delving into the theoretical aspects of the suggested method, like its reliability and how quickly it reaches a conclusion. \nIn my opinion The paper adds a perspective to likelihood free inference and offers a fresh and efficient strategy for tackling the obstacles, in simulator centric models. Although there are some drawbacks and areas that could be enhanced the paper is nicely. The authors present a comprehensive assessment of the technique. I support accepting the paper.  \nThe quality is impressive scoring an 8 out of 10.\nThe article is nicely written with an concise explanation of the suggested method and its elements included by the authors.The assessment of the technique is detailed. Comes with an extensive examination of previous studies, in the field. \nThe clarity of the text is excellent scoring a 9 out of 10.\nThe article is nicely structured with an explanation, by the authors regarding the proposed method and its elements. \nThe level of creativity stands at 8 out of 10.\nThe new method suggested is innovative and overcomes the shortcomings of techniques; nevertheless employing neural density estimators is not groundbreaking and the authors might have offered additional background and rationale for their strategy. \nThe importance is rated at 8 out of 10.\nThe research paper adds insights to the realm of likelihood free inference and offers a fresh and practical method for tackling the obstacles posed by models based on simulation techniques.However the paper could have an influence, by delving into a more thorough examination of the theoretical aspects of the suggested approach and its practical implications. ",
            "ai_likelihood": 0.17564561631944445,
            "prediction": "Unlikely AI",
            "llm_prediction": {
                "GPT35": 0.0,
                "GPT4": 0.0,
                "CLAUDE": 0.0,
                "GOOGLE": 0.0,
                "OPENAI_O_SERIES": 0.0,
                "DEEPSEEK": 0.0,
                "GROK": 0.0,
                "NOVA": 0.0,
                "OTHER": 0.0,
                "HUMAN": 0.0
            },
            "metadata": {
                "request_id": "8324ed89-092e-46d9-a2bf-da99f0aae80b"
            },
            "start_index": 2072,
            "end_index": 4128
        }
    ],
    "window_likelihoods": [
        0.04197862413194445,
        3.960397508409288e-05,
        0.17564561631944445
    ],
    "window_indices": [
        [
            0,
            2964
        ],
        [
            1107,
            3767
        ],
        [
            2072,
            4128
        ]
    ],
    "max_chunk_length": 200,
    "min_chunk_length": 160,
    "num_chunks_per_window": 3,
    "metadata": {
        "request_id": "8324ed89-092e-46d9-a2bf-da99f0aae80b"
    }
}