{
    "text": "This research introduces a method for teaching Boltzmann machines by utilizing the Wasserstein distance that considers the measurement between observations.The writers calculate a gradient of the Wasserstein distance concerning the model parameters. Display its real world promise in tasks, like data restoration and noise reduction.The manuscript is nicely crafted with explained concepts. \nThe papers advantages are as follows; \nA fresh idea has emerged for machines with a different objective function that considers the distance, between observations instead of the usual Kullback Leibler divergence. \nDeriving the slope of the Wasserstein distance in relation to the model parameters is an element, in making this approach feasible. \nWe showcased how the method works in real world scenarios using datasets, like MNIST and UCI PLANTS to demonstrate its potential. \nThe papers shortcomings are as follows; \nThe use of the Sinkhorn algorithm, for calculating the Wasserstein distance may not be as effective when dealing with datasets. \nCareful adjustment of hyperparameters is essential; this includes tuning the smoothing parameter \u03b3 as well, as the regularization coefficients \u03bb and \u03b8. \nUnderstanding the connection between the Wasserstein distance and the Kullback Leibler divergence can be challenging when deciding which objective to choose in scenarios due to the ambiguity, in their relationship. \nPoints supporting acceptance; \nThe research suggests an captivating method for educating Boltzman machines considering the distance between data points, in its training process. \nThe method has proven effective on datasets such, as MNIST and UCI PLANTS. \nThe paper is nicely crafted with presentation of ideas. \nReasons, in favor of acceptance; \nThe method depends on the Sinkhorn algorithm. It might not work well for big datasets. \nUsing hyperparameters requires adjustments, which can pose challenges when applying this approach, in real world scenarios. \nHaving a grasp of how the Wasserstein distance and the Kullback Leibler divergence are related could pose challenges when deciding between the two objectives, in real life scenarios. \nIn my opinion the research paper makes an addition to the domain of machine learning and should be approved for publication. The method outlined in the paper shows promise in enhancing the effectiveness of Boltzmann machines across tasks; furthermore the practical application of this method, on real datasets is quite compelling. Nevertheless the paper could be enhanced by tackling the identified shortcomings like depending on the Sinkhorn algorithm and ensuring adjustment of hyperparameters.  \nThe level of quality is rated at 8 out of 10.\nThe paper is nicely written with presentation of ideas. The innovative and engaging approach suggested in the paper is backed up by convincing demonstrations using real world datasets. Nevertheless the paper could benefit from addressing the mentioned shortcomings. \nThe clarity of the text is excellent scoring a 9 out of 10.\nThe document is nicely structured with presentation of ideas, throughout its contents.The notation remains uniform. The equations are neatly formatted for better comprehension.The document flows smoothly for readers to grasp the concepts promptly. \nThe uniqueness score is 9, out of 10.\nThe paper introduces a method for training Boltamann machines that considers the distance between data points.There is a shift from the conventional Kullback Leibler divergence in this approach and its application, on actual datasets is quite persuasive. \nThe importance level is rated at 8 out of 10.\nThe study shows promise in enhancing the efficiency of machines across various tasks, with its innovative and intriguing approach demonstrated effectively on real world datasets; however addressing the noted weaknesses could further enhance its quality. ",
    "ai_likelihood": 0.3700632149901495,
    "avg_ai_likelihood": 0.3700632149901495,
    "max_ai_likelihood": 0.98046875,
    "prediction": "Mixed content or heavily prompted AI outputs",
    "fraction_ai_content": 0.3333333333333333,
    "llm_prediction": {
        "GPT35": 0.6967072877172006,
        "GPT4": 0.1623371921275187,
        "CLAUDE": 0.012983923919221657,
        "GOOGLE": 0.1115610478229715,
        "OPENAI_O_SERIES": 5.0241663593859505e-05,
        "DEEPSEEK": 3.456721813100654e-06,
        "GROK": 2.0263541663003835e-06,
        "NOVA": 2.193230391760415e-05,
        "OTHER": 0.008010058822081514,
        "HUMAN": 0.008322832547515174
    },
    "windows": [
        {
            "text": "This research introduces a method for teaching Boltzmann machines by utilizing the Wasserstein distance that considers the measurement between observations.The writers calculate a gradient of the Wasserstein distance concerning the model parameters. Display its real world promise in tasks, like data restoration and noise reduction.The manuscript is nicely crafted with explained concepts. \nThe papers advantages are as follows; \nA fresh idea has emerged for machines with a different objective function that considers the distance, between observations instead of the usual Kullback Leibler divergence. \nDeriving the slope of the Wasserstein distance in relation to the model parameters is an element, in making this approach feasible. \nWe showcased how the method works in real world scenarios using datasets, like MNIST and UCI PLANTS to demonstrate its potential. \nThe papers shortcomings are as follows; \nThe use of the Sinkhorn algorithm, for calculating the Wasserstein distance may not be as effective when dealing with datasets. \nCareful adjustment of hyperparameters is essential; this includes tuning the smoothing parameter \u03b3 as well, as the regularization coefficients \u03bb and \u03b8. \nUnderstanding the connection between the Wasserstein distance and the Kullback Leibler divergence can be challenging when deciding which objective to choose in scenarios due to the ambiguity, in their relationship. \nPoints supporting acceptance; \nThe research suggests an captivating method for educating Boltzman machines considering the distance between data points, in its training process. \nThe method has proven effective on datasets such, as MNIST and UCI PLANTS. \nThe paper is nicely crafted with presentation of ideas. \nReasons, in favor of acceptance; \nThe method depends on the Sinkhorn algorithm. It might not work well for big datasets. \nUsing hyperparameters requires adjustments, which can pose challenges when applying this approach, in real world scenarios. \nHaving a grasp of how the Wasserstein distance and the Kullback Leibler divergence are related could pose challenges when deciding between the two objectives, in real life scenarios. \nIn my opinion the research paper makes an addition to the domain of machine learning and should be approved for publication. The method outlined in the paper shows promise in enhancing the effectiveness of Boltzmann machines across tasks; furthermore the practical application of this method, on real datasets is quite compelling. Nevertheless the paper could be enhanced by tackling the identified shortcomings like depending on the Sinkhorn algorithm and ensuring adjustment of hyperparameters.  \n",
            "ai_likelihood": 0.98046875,
            "prediction": "Highly Likely AI",
            "llm_prediction": {
                "GPT35": 0.69677734375,
                "GPT4": 0.162353515625,
                "CLAUDE": 0.0129852294921875,
                "GOOGLE": 0.111572265625,
                "OPENAI_O_SERIES": 5.02467155456543e-05,
                "DEEPSEEK": 3.4570693969726562e-06,
                "GROK": 2.0265579223632812e-06,
                "NOVA": 2.193450927734375e-05,
                "OTHER": 0.0080108642578125,
                "HUMAN": 0.00832366943359375
            },
            "metadata": {
                "request_id": "2377ec7f-c8f9-496e-b923-094213244bdd"
            },
            "start_index": 0,
            "end_index": 2651
        },
        {
            "text": "The use of the Sinkhorn algorithm, for calculating the Wasserstein distance may not be as effective when dealing with datasets. \nCareful adjustment of hyperparameters is essential; this includes tuning the smoothing parameter \u03b3 as well, as the regularization coefficients \u03bb and \u03b8. \nUnderstanding the connection between the Wasserstein distance and the Kullback Leibler divergence can be challenging when deciding which objective to choose in scenarios due to the ambiguity, in their relationship. \nPoints supporting acceptance; \nThe research suggests an captivating method for educating Boltzman machines considering the distance between data points, in its training process. \nThe method has proven effective on datasets such, as MNIST and UCI PLANTS. \nThe paper is nicely crafted with presentation of ideas. \nReasons, in favor of acceptance; \nThe method depends on the Sinkhorn algorithm. It might not work well for big datasets. \nUsing hyperparameters requires adjustments, which can pose challenges when applying this approach, in real world scenarios. \nHaving a grasp of how the Wasserstein distance and the Kullback Leibler divergence are related could pose challenges when deciding between the two objectives, in real life scenarios. \nIn my opinion the research paper makes an addition to the domain of machine learning and should be approved for publication. The method outlined in the paper shows promise in enhancing the effectiveness of Boltzmann machines across tasks; furthermore the practical application of this method, on real datasets is quite compelling. Nevertheless the paper could be enhanced by tackling the identified shortcomings like depending on the Sinkhorn algorithm and ensuring adjustment of hyperparameters.  \nThe level of quality is rated at 8 out of 10.\nThe paper is nicely written with presentation of ideas. The innovative and engaging approach suggested in the paper is backed up by convincing demonstrations using real world datasets. Nevertheless the paper could benefit from addressing the mentioned shortcomings. \nThe clarity of the text is excellent scoring a 9 out of 10.\nThe document is nicely structured with presentation of ideas, throughout its contents.The notation remains uniform. The equations are neatly formatted for better comprehension.The document flows smoothly for readers to grasp the concepts promptly. \nThe uniqueness score is 9, out of 10.\nThe paper introduces a method for training Boltamann machines that considers the distance between data points.There is a shift from the conventional Kullback Leibler divergence",
            "ai_likelihood": 0.010350545247395834,
            "prediction": "Unlikely AI",
            "llm_prediction": {
                "GPT35": 0.0,
                "GPT4": 0.0,
                "CLAUDE": 0.0,
                "GOOGLE": 0.0,
                "OPENAI_O_SERIES": 0.0,
                "DEEPSEEK": 0.0,
                "GROK": 0.0,
                "NOVA": 0.0,
                "OTHER": 0.0,
                "HUMAN": 0.0
            },
            "metadata": {
                "request_id": "2377ec7f-c8f9-496e-b923-094213244bdd"
            },
            "start_index": 911,
            "end_index": 3487
        },
        {
            "text": "Reasons, in favor of acceptance; \nThe method depends on the Sinkhorn algorithm. It might not work well for big datasets. \nUsing hyperparameters requires adjustments, which can pose challenges when applying this approach, in real world scenarios. \nHaving a grasp of how the Wasserstein distance and the Kullback Leibler divergence are related could pose challenges when deciding between the two objectives, in real life scenarios. \nIn my opinion the research paper makes an addition to the domain of machine learning and should be approved for publication. The method outlined in the paper shows promise in enhancing the effectiveness of Boltzmann machines across tasks; furthermore the practical application of this method, on real datasets is quite compelling. Nevertheless the paper could be enhanced by tackling the identified shortcomings like depending on the Sinkhorn algorithm and ensuring adjustment of hyperparameters.  \nThe level of quality is rated at 8 out of 10.\nThe paper is nicely written with presentation of ideas. The innovative and engaging approach suggested in the paper is backed up by convincing demonstrations using real world datasets. Nevertheless the paper could benefit from addressing the mentioned shortcomings. \nThe clarity of the text is excellent scoring a 9 out of 10.\nThe document is nicely structured with presentation of ideas, throughout its contents.The notation remains uniform. The equations are neatly formatted for better comprehension.The document flows smoothly for readers to grasp the concepts promptly. \nThe uniqueness score is 9, out of 10.\nThe paper introduces a method for training Boltamann machines that considers the distance between data points.There is a shift from the conventional Kullback Leibler divergence in this approach and its application, on actual datasets is quite persuasive. \nThe importance level is rated at 8 out of 10.\nThe study shows promise in enhancing the efficiency of machines across various tasks, with its innovative and intriguing approach demonstrated effectively on real world datasets; however addressing the noted weaknesses could further enhance its quality. ",
            "ai_likelihood": 0.04957411024305556,
            "prediction": "Unlikely AI",
            "llm_prediction": {
                "GPT35": 0.0,
                "GPT4": 0.0,
                "CLAUDE": 0.0,
                "GOOGLE": 0.0,
                "OPENAI_O_SERIES": 0.0,
                "DEEPSEEK": 0.0,
                "GROK": 0.0,
                "NOVA": 0.0,
                "OTHER": 0.0,
                "HUMAN": 0.0
            },
            "metadata": {
                "request_id": "2377ec7f-c8f9-496e-b923-094213244bdd"
            },
            "start_index": 1721,
            "end_index": 3867
        }
    ],
    "window_likelihoods": [
        0.98046875,
        0.010350545247395834,
        0.04957411024305556
    ],
    "window_indices": [
        [
            0,
            2651
        ],
        [
            911,
            3487
        ],
        [
            1721,
            3867
        ]
    ],
    "max_chunk_length": 200,
    "min_chunk_length": 160,
    "num_chunks_per_window": 3,
    "metadata": {
        "request_id": "2377ec7f-c8f9-496e-b923-094213244bdd"
    }
}