{
    "text": "This study offers an examination of the Expectation Maximization (EM) technique for determining parameters of statistical models within the framework of Gaussian mixture models. The writers discuss the gap between the theory of EM and its computational aspects by presenting a comprehensive review of EM for particular models in which the data consists of an independent and identically distributed ( i.i.d.) sample, from a blend of two Gaussian distributions. \nThe papers key findings involve an analysis of the stationary points and behavior of EM in two common Gaussian mixture models that are straightforward yet widely used. The researchers demonstrate the convergence of the iteration sequence, for Population EM when executing EM ideally in sample scenarios and confirm the statistical reliability of the parameters generated by EM over time. \nThe paper is nicely written with an explanation of the results by the authors that includes proofs and theoretical analysis, in detail. Moreover the authors delve into the consequences of their findings highlighting a point that EM has the capability to calculate parameter estimates reliably without requiring any particular initialization methods. \nThe papers positive aspects are; \nExploring the EM algorithm for Gaussian mixture models, in depth to gain perspectives on how it operates and its characteristics. \nA thorough and, in depth breakdown of the findings that includes evidence and theoretical examination. \nImplications of the findings are thoroughly. Cover the potential for Expectation Maximization to calculate parameter estimates reliably without the need, for particular initialization techniques. \nThe papers shortcomings are as follows; \nThe examination focuses on Gaussian mixture models and does not provide clarity, on how the findings can be applied to other types of latent variable models. \nThe study bases its conclusions on a scenario where a significant number of samplesre available. A situation that might not reflect how EM behaves in practical real life situations accurately. \nUnderstanding the proofs and theoretical analysis might be difficult for those who don't have a foundation, in statistical theory and machine learning. \nThe paper is nicely. Offers a meaningful addition to comprehending the EM algorithm for Gaussian mixture models.Its findings hold significance for applying EM in real world scenarios making it a valuable asset for researchers and professionals, in the domain. \nHere are some reasons to consider approving; \nThe document offers an in depth examination of the EM algorithm, for Gaussian mixture models. \nThe findings carry implications, for implementing EM in real world scenarios. \nThe document is nicely. Offers a solid explanation of the findings and their significance. \nReasons, in favor of acceptance; \nThe examination focuses on Gaussian mixture models and it remains uncertain how the findings can be applied to other types of latent variable models. \nThe paper suggests that when dealing with real world situations EMs behavior may not be accurately captured due, to the large sample limit assumption. \nUnderstanding some of the evidence and theoretical examination may present difficulties for individuals lacking a foundation, in statistical theory and machine learning. \nThe quality is quite good scoring an 8 out of 10.\nThe text is extremely clear and easy to understand.\nThe level of creativity is at an 8, out of 10.\nThe importance of this is rated as 9, out of 10.\nI suggest moving forward with publishing this paper since it offers insights into the EM algorithm for Gaussian mixture models and its practical implications are noteworthy. Nevertheless the authors should think about acknowledging the constraints of their analysis and offering explanations, for readers who may not be well versed in statistical theory and machine learning. ",
    "ai_likelihood": 0.714925859286505,
    "avg_ai_likelihood": 0.714925859286505,
    "max_ai_likelihood": 0.93896484375,
    "prediction": "Uncertain: Possibly mixed content or heavily prompted AI outputs",
    "fraction_ai_content": 0.5,
    "llm_prediction": {
        "GPT35": 0.2998480279128366,
        "GPT4": 0.029011151316281677,
        "CLAUDE": 0.002737440961261455,
        "GOOGLE": 0.4885960129100863,
        "OPENAI_O_SERIES": 0.00021591923261517833,
        "DEEPSEEK": 1.0015027907054102e-05,
        "GROK": 7.451657668939064e-06,
        "NOVA": 1.3114917497332754e-05,
        "OTHER": 0.13600598660215796,
        "HUMAN": 0.04355487946168748
    },
    "windows": [
        {
            "text": "This study offers an examination of the Expectation Maximization (EM) technique for determining parameters of statistical models within the framework of Gaussian mixture models. The writers discuss the gap between the theory of EM and its computational aspects by presenting a comprehensive review of EM for particular models in which the data consists of an independent and identically distributed ( i.i.d.) sample, from a blend of two Gaussian distributions. \nThe papers key findings involve an analysis of the stationary points and behavior of EM in two common Gaussian mixture models that are straightforward yet widely used. The researchers demonstrate the convergence of the iteration sequence, for Population EM when executing EM ideally in sample scenarios and confirm the statistical reliability of the parameters generated by EM over time. \nThe paper is nicely written with an explanation of the results by the authors that includes proofs and theoretical analysis, in detail. Moreover the authors delve into the consequences of their findings highlighting a point that EM has the capability to calculate parameter estimates reliably without requiring any particular initialization methods. \nThe papers positive aspects are; \nExploring the EM algorithm for Gaussian mixture models, in depth to gain perspectives on how it operates and its characteristics. \nA thorough and, in depth breakdown of the findings that includes evidence and theoretical examination. \nImplications of the findings are thoroughly. Cover the potential for Expectation Maximization to calculate parameter estimates reliably without the need, for particular initialization techniques. \nThe papers shortcomings are as follows; \nThe examination focuses on Gaussian mixture models and does not provide clarity, on how the findings can be applied to other types of latent variable models. \nThe study bases its conclusions on a scenario where a significant number of samplesre available. A situation that might not reflect how EM behaves in practical real life situations accurately. \nUnderstanding the proofs and theoretical analysis might be difficult for those who don't have a foundation, in statistical theory and machine learning. \nThe paper is nicely. Offers a meaningful addition to comprehending the EM algorithm for Gaussian mixture models.Its findings hold significance for applying EM in real world scenarios making it a valuable asset for researchers and professionals, in the domain. \nHere are some reasons to consider approving; \nThe document offers an in depth examination of the EM algorithm, for Gaussian mixture models. \nThe findings carry implications, for implementing EM in real world scenarios. \nThe document is nicely. Offers a solid explanation of the findings and their significance. \nReasons, in favor of acceptance; \nThe examination focuses on Gaussian mixture models and it remains uncertain how the findings can be applied to other types of latent variable models. \n",
            "ai_likelihood": 0.4896375868055556,
            "prediction": "Possibly AI",
            "llm_prediction": {
                "GPT35": 0.0,
                "GPT4": 0.0,
                "CLAUDE": 0.0,
                "GOOGLE": 0.0,
                "OPENAI_O_SERIES": 0.0,
                "DEEPSEEK": 0.0,
                "GROK": 0.0,
                "NOVA": 0.0,
                "OTHER": 0.0,
                "HUMAN": 0.0
            },
            "metadata": {
                "request_id": "683031d2-64bb-41ed-a08d-9af6f3928984"
            },
            "start_index": 0,
            "end_index": 2973
        },
        {
            "text": "Moreover the authors delve into the consequences of their findings highlighting a point that EM has the capability to calculate parameter estimates reliably without requiring any particular initialization methods. \nThe papers positive aspects are; \nExploring the EM algorithm for Gaussian mixture models, in depth to gain perspectives on how it operates and its characteristics. \nA thorough and, in depth breakdown of the findings that includes evidence and theoretical examination. \nImplications of the findings are thoroughly. Cover the potential for Expectation Maximization to calculate parameter estimates reliably without the need, for particular initialization techniques. \nThe papers shortcomings are as follows; \nThe examination focuses on Gaussian mixture models and does not provide clarity, on how the findings can be applied to other types of latent variable models. \nThe study bases its conclusions on a scenario where a significant number of samplesre available. A situation that might not reflect how EM behaves in practical real life situations accurately. \nUnderstanding the proofs and theoretical analysis might be difficult for those who don't have a foundation, in statistical theory and machine learning. \nThe paper is nicely. Offers a meaningful addition to comprehending the EM algorithm for Gaussian mixture models.Its findings hold significance for applying EM in real world scenarios making it a valuable asset for researchers and professionals, in the domain. \nHere are some reasons to consider approving; \nThe document offers an in depth examination of the EM algorithm, for Gaussian mixture models. \nThe findings carry implications, for implementing EM in real world scenarios. \nThe document is nicely. Offers a solid explanation of the findings and their significance. \nReasons, in favor of acceptance; \nThe examination focuses on Gaussian mixture models and it remains uncertain how the findings can be applied to other types of latent variable models. \nThe paper suggests that when dealing with real world situations EMs behavior may not be accurately captured due, to the large sample limit assumption. \nUnderstanding some of the evidence and theoretical examination may present difficulties for individuals lacking a foundation, in statistical theory and machine learning. \nThe quality is quite good scoring an 8 out of 10.\nThe text is extremely clear and easy to understand.\nThe level of creativity is at an 8, out of 10.\nThe importance of this is rated as 9, out of 10.\nI suggest moving forward with publishing this paper since it offers insights into the EM algorithm for Gaussian mixture models and its practical implications are noteworthy. Nevertheless the authors should think about acknowledging the constraints of their analysis and offering explanations, for readers who may not be well versed in statistical theory and machine learning. ",
            "ai_likelihood": 0.93896484375,
            "prediction": "Highly Likely AI",
            "llm_prediction": {
                "GPT35": 0.2998046875,
                "GPT4": 0.0290069580078125,
                "CLAUDE": 0.0027370452880859375,
                "GOOGLE": 0.488525390625,
                "OPENAI_O_SERIES": 0.00021588802337646484,
                "DEEPSEEK": 1.0013580322265625e-05,
                "GROK": 7.450580596923828e-06,
                "NOVA": 1.3113021850585938e-05,
                "OTHER": 0.135986328125,
                "HUMAN": 0.043548583984375
            },
            "metadata": {
                "request_id": "683031d2-64bb-41ed-a08d-9af6f3928984"
            },
            "start_index": 987,
            "end_index": 3870
        }
    ],
    "window_likelihoods": [
        0.4896375868055556,
        0.93896484375
    ],
    "window_indices": [
        [
            0,
            2973
        ],
        [
            987,
            3870
        ]
    ],
    "max_chunk_length": 200,
    "min_chunk_length": 160,
    "num_chunks_per_window": 3,
    "metadata": {
        "request_id": "683031d2-64bb-41ed-a08d-9af6f3928984"
    }
}