{
    "text": "This research paper introduces a planning method named TrailBlazer based on Monte Carlo techniques for tackling Markov Decision Processes (MDPs) with a generative model in a unique way The approach focuses on efficiency, in sampling and leverages the MDPs framework by investigating a limited set of nearly optimal states exclusively The document extensively examines the sample complexity of the method with constraints provided for finite and infinite quantities of subsequent states \nThe paper excels, in key areas.\nTrailBlazers sample complexity bounds have been enhanced to outperform worst case assurances significantly when it comes to finite next states. \nThe algorithms sample complexity is determined based on measures (\u03ba and d) that consider the MDPs structure. \nTrailBlazer is simple to put into action and computationally efficient which makes it a viable option, for planning in Markov Decision Processes (MDP).\nThe paper establishes a theoretical basis for the algorithm by presenting a PAC consistency outcome and examining sample complexity, in detail. \nNevertheless there are drawbacks and areas that could be enhanced.\nThe analysis, in the paper is quite intricate. Might pose a challenge for certain readers to comprehend fully. \nThe paper offers findings but would greatly benefit from actual testing to showcase how well the algorithm performs in real world scenarios. \nComparing TrailBlazer to other MDP planning algorithms, like UCT and StOP could provide an insight into its strengths and weaknesses. \nReasons to consider; \nThe paper introduces an effective algorithm, for planning in Markov decision processes using a generative model. \nThe study offers enhanced bounds, on sample complexity and guarantees tailored to problems. \nImplementing the algorithm is straightforward and efficient, in terms of calculations. \nReasons to oppose the proposal; \nThe evaluation is intricate. Might pose difficulties for certain readers to grasp. \nThe paper doesn't provide real world tests to show how well the algorithm works in practice. \nUnderstanding TrailBlazers strengths and weaknesses is challenging due to the comparison, with other algorithms. \nIn my opinion and based on the content provided in the paper being discussed here about MDP planning with a model; I believe it should be accepted due to its valuable contribution to the field of study. Nevertheless I would advise the authors to address the identified shortcomings by conducting assessments and offering a more comprehensive analysis in comparison, to other existing algorithms. ",
    "ai_likelihood": 0.91943359375,
    "avg_ai_likelihood": 0.91943359375,
    "max_ai_likelihood": 0.91943359375,
    "prediction": "Highly Likely AI",
    "fraction_ai_content": 1.0,
    "llm_prediction": {
        "GPT35": 0.2769020613741433,
        "GPT4": 0.5049677803542578,
        "CLAUDE": 0.007020224219141641,
        "GOOGLE": 0.1614041116122652,
        "OPENAI_O_SERIES": 0.00017967863278271827,
        "DEEPSEEK": 3.40399798669317e-05,
        "GROK": 5.365320819656485e-06,
        "NOVA": 5.520318976668783e-05,
        "OTHER": 0.021808479150333487,
        "HUMAN": 0.027623056166622542
    },
    "windows": [
        {
            "text": "This research paper introduces a planning method named TrailBlazer based on Monte Carlo techniques for tackling Markov Decision Processes (MDPs) with a generative model in a unique way The approach focuses on efficiency, in sampling and leverages the MDPs framework by investigating a limited set of nearly optimal states exclusively The document extensively examines the sample complexity of the method with constraints provided for finite and infinite quantities of subsequent states \nThe paper excels, in key areas.\nTrailBlazers sample complexity bounds have been enhanced to outperform worst case assurances significantly when it comes to finite next states. \nThe algorithms sample complexity is determined based on measures (\u03ba and d) that consider the MDPs structure. \nTrailBlazer is simple to put into action and computationally efficient which makes it a viable option, for planning in Markov Decision Processes (MDP).\nThe paper establishes a theoretical basis for the algorithm by presenting a PAC consistency outcome and examining sample complexity, in detail. \nNevertheless there are drawbacks and areas that could be enhanced.\nThe analysis, in the paper is quite intricate. Might pose a challenge for certain readers to comprehend fully. \nThe paper offers findings but would greatly benefit from actual testing to showcase how well the algorithm performs in real world scenarios. \nComparing TrailBlazer to other MDP planning algorithms, like UCT and StOP could provide an insight into its strengths and weaknesses. \nReasons to consider; \nThe paper introduces an effective algorithm, for planning in Markov decision processes using a generative model. \nThe study offers enhanced bounds, on sample complexity and guarantees tailored to problems. \nImplementing the algorithm is straightforward and efficient, in terms of calculations. \nReasons to oppose the proposal; \nThe evaluation is intricate. Might pose difficulties for certain readers to grasp. \nThe paper doesn't provide real world tests to show how well the algorithm works in practice. \nUnderstanding TrailBlazers strengths and weaknesses is challenging due to the comparison, with other algorithms. \nIn my opinion and based on the content provided in the paper being discussed here about MDP planning with a model; I believe it should be accepted due to its valuable contribution to the field of study. Nevertheless I would advise the authors to address the identified shortcomings by conducting assessments and offering a more comprehensive analysis in comparison, to other existing algorithms. ",
            "ai_likelihood": 0.91943359375,
            "prediction": "Highly Likely AI",
            "llm_prediction": {
                "GPT35": 0.27685546875,
                "GPT4": 0.5048828125,
                "CLAUDE": 0.00701904296875,
                "GOOGLE": 0.161376953125,
                "OPENAI_O_SERIES": 0.00017964839935302734,
                "DEEPSEEK": 3.403425216674805e-05,
                "GROK": 5.364418029785156e-06,
                "NOVA": 5.519390106201172e-05,
                "OTHER": 0.0218048095703125,
                "HUMAN": 0.027618408203125
            },
            "metadata": {
                "request_id": "3b982491-f862-4c6e-908c-226227ee1448"
            },
            "start_index": 0,
            "end_index": 2565
        }
    ],
    "window_likelihoods": [
        0.91943359375
    ],
    "window_indices": [
        [
            0,
            2565
        ]
    ],
    "max_chunk_length": 200,
    "min_chunk_length": 160,
    "num_chunks_per_window": 3,
    "metadata": {
        "request_id": "3b982491-f862-4c6e-908c-226227ee1448"
    }
}