{
    "text": "This study suggests a method for dropout in deep neural networks to avoid overfitting issues commonly encountered in machine learning models. The researchers propose using sampling for dropout by selecting features or neurons based on probabilities derived from a multinomial distribution. They present an analysis of the risk limit for stochastic optimization with multinomial dropout and show that utilizing a distribution specific dropout technique results, in quicker convergence and lower generalization error rates. \nThe article is nicely written with an concise explanation of their proposed method by the authors. The theoretical analysis appears solid. The results from experiments, on various benchmark datasets prove the efficiency of the dropouts they suggested. Additionally to batch normalization comparison provided by the authors which indicates that evolutionary dropout delivers performance. \nThe papers noteworthy aspects consist of; \nA new idea has been suggested for dropout that adjusts to the changing distribution of outputs, from layers.\nAn in depth examination of the risk limit, in optimization involving multinomial dropout techniques.\nThe results, from standard datasets show how well the suggested dropouts work.\nIn a comparison, with batch normalization it was found that evolutionary dropout achieves performance levels.\nThe paper has some shortcomings such, as; \nThe article presumes that the sampling probabilities are understood; however this may not align with real world scenarios.\nThe document lacks an explanation, on selecting the hyperparameters for the suggested dropouts.\nThe paper would be more valuable with experimental findings, on larger datasets and advanced models.\nThe paper is nicely written with an effective approach proposed within it! The theoretical analysis seems solid. The experimental results really show how useful the dropouts suggested are in practice! This paper could definitely bring a contribution, to the deep learning field. \nIn favor of accepting the arguments; \nThe study introduces a method for dropout that adjusts to the changing distribution of outputs, from different layers.\nThe theoretical analysis appears solid. The experiment outcomes showcase the efficacy of the suggested dropouts.\nThe research paper compares dropout with batch normalization. Finds that dropout evolution achieves similar performance.\nReasons supporting acceptance; \nThe document presumes that the sampling probabilities are familiar; however this might not always be true, in real world scenarios.\nThe paper lacks an explanation, on selecting the hyperparameters for the suggested dropouts.\nThe paper would be improved by including experimental outcomes, from larger datasets and more sophisticated models.\nMy rating for this is an 8, out of 10.\nRecommendation; I suggest accepting the paper with some revisions as it is well written and presents a unique and efficient approach. The theoretical analysis appears solid. The experimental findings effectively showcase the benefits of the suggested dropouts. However it would be advantageous to include experimental results using larger datasets and more intricate models. Furthermore a concise guide, on selecting hyperparameters for the proposed dropouts would enhance clarity in the paper. ",
    "ai_likelihood": 0.4031530559392265,
    "avg_ai_likelihood": 0.4031530559392265,
    "max_ai_likelihood": 0.4749891493055556,
    "prediction": "Uncertain: Possibly mixed content or heavily prompted AI outputs",
    "fraction_ai_content": 0.0,
    "llm_prediction": {
        "GPT35": 0,
        "GPT4": 0,
        "CLAUDE": 0,
        "GOOGLE": 0,
        "OPENAI_O_SERIES": 0,
        "DEEPSEEK": 0,
        "GROK": 0,
        "NOVA": 0,
        "OTHER": 0,
        "HUMAN": 0
    },
    "windows": [
        {
            "text": "This study suggests a method for dropout in deep neural networks to avoid overfitting issues commonly encountered in machine learning models. The researchers propose using sampling for dropout by selecting features or neurons based on probabilities derived from a multinomial distribution. They present an analysis of the risk limit for stochastic optimization with multinomial dropout and show that utilizing a distribution specific dropout technique results, in quicker convergence and lower generalization error rates. \nThe article is nicely written with an concise explanation of their proposed method by the authors. The theoretical analysis appears solid. The results from experiments, on various benchmark datasets prove the efficiency of the dropouts they suggested. Additionally to batch normalization comparison provided by the authors which indicates that evolutionary dropout delivers performance. \nThe papers noteworthy aspects consist of; \nA new idea has been suggested for dropout that adjusts to the changing distribution of outputs, from layers.\nAn in depth examination of the risk limit, in optimization involving multinomial dropout techniques.\nThe results, from standard datasets show how well the suggested dropouts work.\nIn a comparison, with batch normalization it was found that evolutionary dropout achieves performance levels.\nThe paper has some shortcomings such, as; \nThe article presumes that the sampling probabilities are understood; however this may not align with real world scenarios.\nThe document lacks an explanation, on selecting the hyperparameters for the suggested dropouts.\nThe paper would be more valuable with experimental findings, on larger datasets and advanced models.\nThe paper is nicely written with an effective approach proposed within it! The theoretical analysis seems solid. The experimental results really show how useful the dropouts suggested are in practice! This paper could definitely bring a contribution, to the deep learning field. \nIn favor of accepting the arguments; \nThe study introduces a method for dropout that adjusts to the changing distribution of outputs, from different layers.\nThe theoretical analysis appears solid. The experiment outcomes showcase the efficacy of the suggested dropouts.\nThe research paper compares dropout with batch normalization. Finds that dropout evolution achieves similar performance.\nReasons supporting acceptance; \nThe document presumes that the sampling probabilities are familiar; however this might not always be true, in real world scenarios.\nThe paper lacks an explanation, on selecting the hyperparameters for the suggested dropouts.\nThe paper would be improved by including experimental outcomes, from larger datasets and more sophisticated models.\nMy rating for this is an 8, out of 10.\nRecommendation; I suggest accepting the paper with some revisions as it is well written and presents a unique and efficient approach. ",
            "ai_likelihood": 0.3477647569444445,
            "prediction": "Possibly AI",
            "llm_prediction": {
                "GPT35": 0.0,
                "GPT4": 0.0,
                "CLAUDE": 0.0,
                "GOOGLE": 0.0,
                "OPENAI_O_SERIES": 0.0,
                "DEEPSEEK": 0.0,
                "GROK": 0.0,
                "NOVA": 0.0,
                "OTHER": 0.0,
                "HUMAN": 0.0
            },
            "metadata": {
                "request_id": "149fceaf-cc28-4cca-93d2-34404b81b109"
            },
            "start_index": 0,
            "end_index": 2933
        },
        {
            "text": "An in depth examination of the risk limit, in optimization involving multinomial dropout techniques.\nThe results, from standard datasets show how well the suggested dropouts work.\nIn a comparison, with batch normalization it was found that evolutionary dropout achieves performance levels.\nThe paper has some shortcomings such, as; \nThe article presumes that the sampling probabilities are understood; however this may not align with real world scenarios.\nThe document lacks an explanation, on selecting the hyperparameters for the suggested dropouts.\nThe paper would be more valuable with experimental findings, on larger datasets and advanced models.\nThe paper is nicely written with an effective approach proposed within it! The theoretical analysis seems solid. The experimental results really show how useful the dropouts suggested are in practice! This paper could definitely bring a contribution, to the deep learning field. \nIn favor of accepting the arguments; \nThe study introduces a method for dropout that adjusts to the changing distribution of outputs, from different layers.\nThe theoretical analysis appears solid. The experiment outcomes showcase the efficacy of the suggested dropouts.\nThe research paper compares dropout with batch normalization. Finds that dropout evolution achieves similar performance.\nReasons supporting acceptance; \nThe document presumes that the sampling probabilities are familiar; however this might not always be true, in real world scenarios.\nThe paper lacks an explanation, on selecting the hyperparameters for the suggested dropouts.\nThe paper would be improved by including experimental outcomes, from larger datasets and more sophisticated models.\nMy rating for this is an 8, out of 10.\nRecommendation; I suggest accepting the paper with some revisions as it is well written and presents a unique and efficient approach. The theoretical analysis appears solid. The experimental findings effectively showcase the benefits of the suggested dropouts. However it would be advantageous to include experimental results using larger datasets and more intricate models. Furthermore a concise guide, on selecting hyperparameters for the proposed dropouts would enhance clarity in the paper. ",
            "ai_likelihood": 0.4749891493055556,
            "prediction": "Possibly AI",
            "llm_prediction": {
                "GPT35": 0.0,
                "GPT4": 0.0,
                "CLAUDE": 0.0,
                "GOOGLE": 0.0,
                "OPENAI_O_SERIES": 0.0,
                "DEEPSEEK": 0.0,
                "GROK": 0.0,
                "NOVA": 0.0,
                "OTHER": 0.0,
                "HUMAN": 0.0
            },
            "metadata": {
                "request_id": "149fceaf-cc28-4cca-93d2-34404b81b109"
            },
            "start_index": 1063,
            "end_index": 3294
        }
    ],
    "window_likelihoods": [
        0.3477647569444445,
        0.4749891493055556
    ],
    "window_indices": [
        [
            0,
            2933
        ],
        [
            1063,
            3294
        ]
    ],
    "max_chunk_length": 200,
    "min_chunk_length": 160,
    "num_chunks_per_window": 3,
    "metadata": {
        "request_id": "149fceaf-cc28-4cca-93d2-34404b81b109"
    }
}