{
    "text": "This research paper makes an addition to the area of matrix completion\u2014a crucial issue in machine learning that finds wide use in collaborative filtering and recommendation systems.The authors delve into linear optimization techniques, for matrix completion and offer a detailed examination of the geometric characteristics of the objective function. \nThe paper aims to demonstrate that the non linear objective function often utilized for positive semidefinite matrix completion does not have any local minima; all local minima are also global minima according to the analysis of optimalitys first and second order necessary conditions which proves that any point meeting these conditions is indeed a valid solution. \nThe article is excellently written with an concise introduction to the issue at hand and their key findings as well as a summary of previous research in the field The technical portions are also structured in an orderly manner, with rigorous and comprehensible proofs provided The authors employ a straightforward proof methodology that can be applied to various statistical dilemmas that entail incomplete or distorted data observations. \nThe papers notable attributes comprise of; \nThe writers offer an examination of the geometric characteristics of the matrix completion goal function that illuminates the actions of non linear optimization processes in a new way. \nThe findings hold importance as they offer assurance for numerous fundamental optimization techniques such as stochastic gradient descent that see widespread application, in real world scenarios. \nThe article is nicely written with an introduction by the authors that covers the issue at hand and their key findings, from related research. \nThe paper has some drawbacks, such, as; \nThe examination only focuses on the scenario where thingsre equal; it's not certain if the findings can be applied to situations where things are not balanced. \nThe writers believe that the recorded data is collected randomly across the board; however this may not align with real world scenarios. \nThe research lacks test results to support the theoretical discoveries. \nReasons, for approval; \nThe research paper makes a valuable addition to the realm of matrix completion and its findings hold significance, for shaping optimization algorithms. \nThe study is thorough and well crafted with an concise overview of the issue at hand as well, as the relevant research and key findings provided by the authors. \nThe research paper could spark ideas for future studies, in the areas of completing matrices and non linear optimization techniques. \nHere are some reasons to consider not agreeing with it; \nThe examination only covers the scenario with symmetry; it remains uncertain if the findings can be applied to situations, with asymmetry. \nThe writers believe that the recorded data is gathered randomly in a manner; however this may not always be true, in real life scenarios. \nThe paper lacks data to support the theoretical discoveries. \nIn my opinion it would be an idea to approve the paper because it adds value to the field of matrix completion and the outcomes could lead to improvements, in optimization algorithms design.It would be beneficial if the authors focus on acknowledging the shortcomings of their study and including data to support their theoretical conclusions. ",
    "ai_likelihood": 0.08174888290168661,
    "avg_ai_likelihood": 0.08174888290168661,
    "max_ai_likelihood": 0.1532660590277778,
    "prediction": "Fully human-written",
    "fraction_ai_content": 0.0,
    "llm_prediction": {
        "GPT35": 0,
        "GPT4": 0,
        "CLAUDE": 0,
        "GOOGLE": 0,
        "OPENAI_O_SERIES": 0,
        "DEEPSEEK": 0,
        "GROK": 0,
        "NOVA": 0,
        "OTHER": 0,
        "HUMAN": 0
    },
    "windows": [
        {
            "text": "This research paper makes an addition to the area of matrix completion\u2014a crucial issue in machine learning that finds wide use in collaborative filtering and recommendation systems.The authors delve into linear optimization techniques, for matrix completion and offer a detailed examination of the geometric characteristics of the objective function. \nThe paper aims to demonstrate that the non linear objective function often utilized for positive semidefinite matrix completion does not have any local minima; all local minima are also global minima according to the analysis of optimalitys first and second order necessary conditions which proves that any point meeting these conditions is indeed a valid solution. \nThe article is excellently written with an concise introduction to the issue at hand and their key findings as well as a summary of previous research in the field The technical portions are also structured in an orderly manner, with rigorous and comprehensible proofs provided The authors employ a straightforward proof methodology that can be applied to various statistical dilemmas that entail incomplete or distorted data observations. \nThe papers notable attributes comprise of; \nThe writers offer an examination of the geometric characteristics of the matrix completion goal function that illuminates the actions of non linear optimization processes in a new way. \nThe findings hold importance as they offer assurance for numerous fundamental optimization techniques such as stochastic gradient descent that see widespread application, in real world scenarios. \nThe article is nicely written with an introduction by the authors that covers the issue at hand and their key findings, from related research. \nThe paper has some drawbacks, such, as; \nThe examination only focuses on the scenario where thingsre equal; it's not certain if the findings can be applied to situations where things are not balanced. \nThe writers believe that the recorded data is collected randomly across the board; however this may not align with real world scenarios. \nThe research lacks test results to support the theoretical discoveries. \nReasons, for approval; \nThe research paper makes a valuable addition to the realm of matrix completion and its findings hold significance, for shaping optimization algorithms. \nThe study is thorough and well crafted with an concise overview of the issue at hand as well, as the relevant research and key findings provided by the authors. \nThe research paper could spark ideas for future studies, in the areas of completing matrices and non linear optimization techniques. \nHere are some reasons to consider not agreeing with it; \nThe examination only covers the scenario with symmetry; it remains uncertain if the findings can be applied to situations, with asymmetry. \n",
            "ai_likelihood": 0.1532660590277778,
            "prediction": "Unlikely AI",
            "llm_prediction": {
                "GPT35": 0.0,
                "GPT4": 0.0,
                "CLAUDE": 0.0,
                "GOOGLE": 0.0,
                "OPENAI_O_SERIES": 0.0,
                "DEEPSEEK": 0.0,
                "GROK": 0.0,
                "NOVA": 0.0,
                "OTHER": 0.0,
                "HUMAN": 0.0
            },
            "metadata": {
                "request_id": "1657e840-560b-40b4-b0aa-dfef2336efce"
            },
            "start_index": 0,
            "end_index": 2813
        },
        {
            "text": ", with rigorous and comprehensible proofs provided The authors employ a straightforward proof methodology that can be applied to various statistical dilemmas that entail incomplete or distorted data observations. \nThe papers notable attributes comprise of; \nThe writers offer an examination of the geometric characteristics of the matrix completion goal function that illuminates the actions of non linear optimization processes in a new way. \nThe findings hold importance as they offer assurance for numerous fundamental optimization techniques such as stochastic gradient descent that see widespread application, in real world scenarios. \nThe article is nicely written with an introduction by the authors that covers the issue at hand and their key findings, from related research. \nThe paper has some drawbacks, such, as; \nThe examination only focuses on the scenario where thingsre equal; it's not certain if the findings can be applied to situations where things are not balanced. \nThe writers believe that the recorded data is collected randomly across the board; however this may not align with real world scenarios. \nThe research lacks test results to support the theoretical discoveries. \nReasons, for approval; \nThe research paper makes a valuable addition to the realm of matrix completion and its findings hold significance, for shaping optimization algorithms. \nThe study is thorough and well crafted with an concise overview of the issue at hand as well, as the relevant research and key findings provided by the authors. \nThe research paper could spark ideas for future studies, in the areas of completing matrices and non linear optimization techniques. \nHere are some reasons to consider not agreeing with it; \nThe examination only covers the scenario with symmetry; it remains uncertain if the findings can be applied to situations, with asymmetry. \nThe writers believe that the recorded data is gathered randomly in a manner; however this may not always be true, in real life scenarios. \nThe paper lacks data to support the theoretical discoveries. \nIn my opinion it would be an idea to approve the paper because it adds value to the field of matrix completion and the outcomes could lead to improvements, in optimization algorithms design.It would be beneficial if the authors focus on acknowledging the shortcomings of their study and including data to support their theoretical conclusions. ",
            "ai_likelihood": 0.0007920795016818576,
            "prediction": "Unlikely AI",
            "llm_prediction": {
                "GPT35": 0.0,
                "GPT4": 0.0,
                "CLAUDE": 0.0,
                "GOOGLE": 0.0,
                "OPENAI_O_SERIES": 0.0,
                "DEEPSEEK": 0.0,
                "GROK": 0.0,
                "NOVA": 0.0,
                "OTHER": 0.0,
                "HUMAN": 0.0
            },
            "metadata": {
                "request_id": "1657e840-560b-40b4-b0aa-dfef2336efce"
            },
            "start_index": 945,
            "end_index": 3358
        }
    ],
    "window_likelihoods": [
        0.1532660590277778,
        0.0007920795016818576
    ],
    "window_indices": [
        [
            0,
            2813
        ],
        [
            945,
            3358
        ]
    ],
    "max_chunk_length": 200,
    "min_chunk_length": 160,
    "num_chunks_per_window": 3,
    "metadata": {
        "request_id": "1657e840-560b-40b4-b0aa-dfef2336efce"
    }
}