{
    "text": "This paper introduces a network technique based on a conditional maximum mean discrepancy framework. The method is tested on limited benchmark tasks to assess both its ability to differentiate and create new data. In general this study makes an addition to the realm of deep learning research that focuses on building models that can generate new data. The clarity of the paper is adequate though the mathematical aspects may be difficult to grasp in some instances, which's a common challenge, in this field. The tasks tested in the experiments are similar to those in studies in this field but with some limitations in their scope.The model training process requires a lot of resources so it would be helpful to discuss the time taken for training compared to other methods like DSN in the experimental section including reference codes, for the experiments can make the manuscript more robust as not having these details may make it difficult for practitioners to replicate the models accurately based only on the information provided in the model section. ",
    "ai_likelihood": 3.0431482526991105e-05,
    "avg_ai_likelihood": 3.0431482526991105e-05,
    "max_ai_likelihood": 3.0431482526991105e-05,
    "prediction": "Unlikely AI",
    "fraction_ai_content": 0.0,
    "llm_prediction": {
        "GPT35": 0,
        "GPT4": 0,
        "CLAUDE": 0,
        "GOOGLE": 0,
        "OPENAI_O_SERIES": 0,
        "DEEPSEEK": 0,
        "GROK": 0,
        "NOVA": 0,
        "OTHER": 0,
        "HUMAN": 0
    },
    "windows": [
        {
            "text": "This paper introduces a network technique based on a conditional maximum mean discrepancy framework. The method is tested on limited benchmark tasks to assess both its ability to differentiate and create new data. In general this study makes an addition to the realm of deep learning research that focuses on building models that can generate new data. The clarity of the paper is adequate though the mathematical aspects may be difficult to grasp in some instances, which's a common challenge, in this field. The tasks tested in the experiments are similar to those in studies in this field but with some limitations in their scope.The model training process requires a lot of resources so it would be helpful to discuss the time taken for training compared to other methods like DSN in the experimental section including reference codes, for the experiments can make the manuscript more robust as not having these details may make it difficult for practitioners to replicate the models accurately based only on the information provided in the model section. ",
            "ai_likelihood": 3.0431482526991105e-05,
            "prediction": "Unlikely AI",
            "llm_prediction": {
                "GPT35": 0.0,
                "GPT4": 0.0,
                "CLAUDE": 0.0,
                "GOOGLE": 0.0,
                "OPENAI_O_SERIES": 0.0,
                "DEEPSEEK": 0.0,
                "GROK": 0.0,
                "NOVA": 0.0,
                "OTHER": 0.0,
                "HUMAN": 0.0
            },
            "metadata": {
                "request_id": "fa7ab4b3-c16c-45f2-b478-a69d8d3431b6"
            },
            "start_index": 0,
            "end_index": 1060
        }
    ],
    "window_likelihoods": [
        3.0431482526991105e-05
    ],
    "window_indices": [
        [
            0,
            1060
        ]
    ],
    "max_chunk_length": 200,
    "min_chunk_length": 160,
    "num_chunks_per_window": 3,
    "metadata": {
        "request_id": "fa7ab4b3-c16c-45f2-b478-a69d8d3431b6"
    }
}