{
    "text": "This paper delves into how Richardson Romberg extrapolation (RRE) can be applied in big data MCMC\" methods focusing on Stochastic Gradient Langevin Dynamics (SGDL). RRE has been a tool in numerical integration and its recent success in numerical stochastic differential equations (SDTEs) is noteworthy for its ability to connect the realms of MCMC and SDE studies which could be advantageous, for both areas. The writers introduce a SGLZ RRE approach and discuss the theoretical progress of this method (even in cases where SGLZ RRE surpasses standard SGLZ) along with practical trials conducted.The findings reveal enhancements in simple illustrations and steady progress in extensive settings.Altogether the article is logically. Easily understood.It presents a merger of two different domains, with compelling theoretical perspectives and convincing real world results from the suggested method. The method used here is a way of applying RRE to SGLD that is efficient in terms of computation power. Although it won't bring about changes in the current methods being used by practitioners in the field. One minor suggestion for enhancement involves making it clearer that Fig 1a shows a distribution with empirical posterior mean and variance instead of the empirical estimated posterior distribution itself, for better understanding and avoiding confusion. Furthermore it could be helpful to include an explanation in Figure 2A discussing why the bias may not decrease proportionally with a decrease, in step size; some readers might find this counterintuitive. ",
    "ai_likelihood": 1.2450748019748264e-05,
    "avg_ai_likelihood": 1.2450748019748264e-05,
    "max_ai_likelihood": 1.2450748019748264e-05,
    "prediction": "Unlikely AI",
    "fraction_ai_content": 0.0,
    "llm_prediction": {
        "GPT35": 0,
        "GPT4": 0,
        "CLAUDE": 0,
        "GOOGLE": 0,
        "OPENAI_O_SERIES": 0,
        "DEEPSEEK": 0,
        "GROK": 0,
        "NOVA": 0,
        "OTHER": 0,
        "HUMAN": 0
    },
    "windows": [
        {
            "text": "This paper delves into how Richardson Romberg extrapolation (RRE) can be applied in big data MCMC\" methods focusing on Stochastic Gradient Langevin Dynamics (SGDL). RRE has been a tool in numerical integration and its recent success in numerical stochastic differential equations (SDTEs) is noteworthy for its ability to connect the realms of MCMC and SDE studies which could be advantageous, for both areas. The writers introduce a SGLZ RRE approach and discuss the theoretical progress of this method (even in cases where SGLZ RRE surpasses standard SGLZ) along with practical trials conducted.The findings reveal enhancements in simple illustrations and steady progress in extensive settings.Altogether the article is logically. Easily understood.It presents a merger of two different domains, with compelling theoretical perspectives and convincing real world results from the suggested method. The method used here is a way of applying RRE to SGLD that is efficient in terms of computation power. Although it won't bring about changes in the current methods being used by practitioners in the field. One minor suggestion for enhancement involves making it clearer that Fig 1a shows a distribution with empirical posterior mean and variance instead of the empirical estimated posterior distribution itself, for better understanding and avoiding confusion. Furthermore it could be helpful to include an explanation in Figure 2A discussing why the bias may not decrease proportionally with a decrease, in step size; some readers might find this counterintuitive. ",
            "ai_likelihood": 1.2450748019748264e-05,
            "prediction": "Unlikely AI",
            "llm_prediction": {
                "GPT35": 0.0,
                "GPT4": 0.0,
                "CLAUDE": 0.0,
                "GOOGLE": 0.0,
                "OPENAI_O_SERIES": 0.0,
                "DEEPSEEK": 0.0,
                "GROK": 0.0,
                "NOVA": 0.0,
                "OTHER": 0.0,
                "HUMAN": 0.0
            },
            "metadata": {
                "request_id": "920b4052-c06f-49e1-945f-4db66d0ef5c4"
            },
            "start_index": 0,
            "end_index": 1565
        }
    ],
    "window_likelihoods": [
        1.2450748019748264e-05
    ],
    "window_indices": [
        [
            0,
            1565
        ]
    ],
    "max_chunk_length": 200,
    "min_chunk_length": 160,
    "num_chunks_per_window": 3,
    "metadata": {
        "request_id": "920b4052-c06f-49e1-945f-4db66d0ef5c4"
    }
}