{
    "text": "This paper introduces a method for measuring the difference between an MCMC sampler and its target distribution using bidirectional Monte Carlo techniques in the context of troubleshooting and assessing MCMC implementations in languages for probabilistic programming systems.The idea of utilizing BDMC to pinpoint problems in samplers is interesting and potentially valuable due to the shortcomings of MCMC diagnostic tools.Research studies, like [1] and [2] have also explored the effectiveness of MCMC samplers by testing them on data generated from the distribution. In Section 3.A. the explanation is unclear and hard to follow because q(.) is introduced early without a clear definition as the distribution of the AIS sampler, after T steps. Though the supplement offers some clarification the main text should stand alone without needing materials for understanding. Here's a human like version of the AI generated text; It would be helpful to provide a detailed guide for implementing the method since readers currently have to piece together the process from different sections of the document. Some suggestions for improvement include simplifying the notation by combining variables z and theta since they are consistently used together and fixing the missing closing parentheses, in Line 165. I also recommend checking out this reference; Geweke (2004) discusses joint distribution tests of simulators in the Journal of the American Statistical Association. The papers referenced in http;//doi.org./10119816214504000001132. [1] Authored by Cook et al. discuss the validation of software for Bayesian models through the use of posterior quantiles, in the Journal of Computational and Graphical Statistics (2012). The significance of these studies is highlighted in this discussion. ",
    "ai_likelihood": 2.2815333472357856e-05,
    "avg_ai_likelihood": 2.2815333472357856e-05,
    "max_ai_likelihood": 2.2815333472357856e-05,
    "prediction": "Unlikely AI",
    "fraction_ai_content": 0.0,
    "llm_prediction": {
        "GPT35": 0,
        "GPT4": 0,
        "CLAUDE": 0,
        "GOOGLE": 0,
        "OPENAI_O_SERIES": 0,
        "DEEPSEEK": 0,
        "GROK": 0,
        "NOVA": 0,
        "OTHER": 0,
        "HUMAN": 0
    },
    "windows": [
        {
            "text": "This paper introduces a method for measuring the difference between an MCMC sampler and its target distribution using bidirectional Monte Carlo techniques in the context of troubleshooting and assessing MCMC implementations in languages for probabilistic programming systems.The idea of utilizing BDMC to pinpoint problems in samplers is interesting and potentially valuable due to the shortcomings of MCMC diagnostic tools.Research studies, like [1] and [2] have also explored the effectiveness of MCMC samplers by testing them on data generated from the distribution. In Section 3.A. the explanation is unclear and hard to follow because q(.) is introduced early without a clear definition as the distribution of the AIS sampler, after T steps. Though the supplement offers some clarification the main text should stand alone without needing materials for understanding. Here's a human like version of the AI generated text; It would be helpful to provide a detailed guide for implementing the method since readers currently have to piece together the process from different sections of the document. Some suggestions for improvement include simplifying the notation by combining variables z and theta since they are consistently used together and fixing the missing closing parentheses, in Line 165. I also recommend checking out this reference; Geweke (2004) discusses joint distribution tests of simulators in the Journal of the American Statistical Association. The papers referenced in http;//doi.org./10119816214504000001132. [1] Authored by Cook et al. discuss the validation of software for Bayesian models through the use of posterior quantiles, in the Journal of Computational and Graphical Statistics (2012). The significance of these studies is highlighted in this discussion. ",
            "ai_likelihood": 2.2815333472357856e-05,
            "prediction": "Unlikely AI",
            "llm_prediction": {
                "GPT35": 0.0,
                "GPT4": 0.0,
                "CLAUDE": 0.0,
                "GOOGLE": 0.0,
                "OPENAI_O_SERIES": 0.0,
                "DEEPSEEK": 0.0,
                "GROK": 0.0,
                "NOVA": 0.0,
                "OTHER": 0.0,
                "HUMAN": 0.0
            },
            "metadata": {
                "request_id": "b2c25e37-c5b6-4d0a-ac29-768b0dbb218b"
            },
            "start_index": 0,
            "end_index": 1791
        }
    ],
    "window_likelihoods": [
        2.2815333472357856e-05
    ],
    "window_indices": [
        [
            0,
            1791
        ]
    ],
    "max_chunk_length": 200,
    "min_chunk_length": 160,
    "num_chunks_per_window": 3,
    "metadata": {
        "request_id": "b2c25e37-c5b6-4d0a-ac29-768b0dbb218b"
    }
}