{
    "text": "This document introduces a method for supervised metric learning that uses the \"word movers distance\" [19] a transport distance that works with word embeddings from word2vec models. The new technique is flexible. Can be used with any transport distance that relies on squared Euclidean distances following linear projection. Besides refining performance, through learning the projection technique the method also develops a specific weighting system for individual words. This method of assigning weightings to words for document purposes entails adjusting the frequency of each word based on a calculated weight and then standardizing the word frequencies again afterward This paper presents an optimization technique for determining the values of the new metric suggested by the authors A thorough set of experiments showcases how well this approach works as it is tested against baseline methods, across multiple document sorting datasets using a kNN classifier built on the newly developed metric\nThe research presents an practical expansion of the latest word movers distance method by demonstrating its efficiency in different kNN text categorization assignments. Nonetheless the impact could be restrained since a earth movers distance utilizing learning through a \"word centroid distance\" setup attains comparable outcomes, to the completely learned proposed distance as noted in the last two sections of Table 3. This implies that the primary technical advancements may not notably boost performance beyond the starting method grounded on established approaches. \nThe assessment provided in Table 3 does not include a comparison between the \"word centroid embedding,\" which's the weighted average of word embeddings for the document and other metric learning methods like ITML and LMNN NCA. Additionally it's important to analyze how significant the individual word weights and projection matrix A are in this context. It would be helpful to test the impact of having each of these components active separately, on performance metrics. \nThe uniqueness of the document mainly comes from enhancing the measurement (Lines 156. 175). The idea of metric learning in the earth movers distance is fascinating but offers a restricted contribution, on its own merit.The paper is well crafted and engaging to read; however there are a small points that need further explanation;  \nLine 152 mentions \"The authors,\". It doesn't specify which paper they are referring to (perhaps [references 2 and 3]?).\nEquation 11 might need alpha and beta to have asterisks attached.\nIt'd be useful if you specifically include near Line 170 that the optimization technique is relateds Sinkhorn scaling mentioned in Line 56 on. ",
    "ai_likelihood": 6.291601392957899e-07,
    "avg_ai_likelihood": 6.291601392957899e-07,
    "max_ai_likelihood": 6.291601392957899e-07,
    "prediction": "Unlikely AI",
    "fraction_ai_content": 0.0,
    "llm_prediction": {
        "GPT35": 0,
        "GPT4": 0,
        "CLAUDE": 0,
        "GOOGLE": 0,
        "OPENAI_O_SERIES": 0,
        "DEEPSEEK": 0,
        "GROK": 0,
        "NOVA": 0,
        "OTHER": 0,
        "HUMAN": 0
    },
    "windows": [
        {
            "text": "This document introduces a method for supervised metric learning that uses the \"word movers distance\" [19] a transport distance that works with word embeddings from word2vec models. The new technique is flexible. Can be used with any transport distance that relies on squared Euclidean distances following linear projection. Besides refining performance, through learning the projection technique the method also develops a specific weighting system for individual words. This method of assigning weightings to words for document purposes entails adjusting the frequency of each word based on a calculated weight and then standardizing the word frequencies again afterward This paper presents an optimization technique for determining the values of the new metric suggested by the authors A thorough set of experiments showcases how well this approach works as it is tested against baseline methods, across multiple document sorting datasets using a kNN classifier built on the newly developed metric\nThe research presents an practical expansion of the latest word movers distance method by demonstrating its efficiency in different kNN text categorization assignments. Nonetheless the impact could be restrained since a earth movers distance utilizing learning through a \"word centroid distance\" setup attains comparable outcomes, to the completely learned proposed distance as noted in the last two sections of Table 3. This implies that the primary technical advancements may not notably boost performance beyond the starting method grounded on established approaches. \nThe assessment provided in Table 3 does not include a comparison between the \"word centroid embedding,\" which's the weighted average of word embeddings for the document and other metric learning methods like ITML and LMNN NCA. Additionally it's important to analyze how significant the individual word weights and projection matrix A are in this context. It would be helpful to test the impact of having each of these components active separately, on performance metrics. \nThe uniqueness of the document mainly comes from enhancing the measurement (Lines 156. 175). The idea of metric learning in the earth movers distance is fascinating but offers a restricted contribution, on its own merit.The paper is well crafted and engaging to read; however there are a small points that need further explanation;  \nLine 152 mentions \"The authors,\". It doesn't specify which paper they are referring to (perhaps [references 2 and 3]?).\nEquation 11 might need alpha and beta to have asterisks attached.\nIt'd be useful if you specifically include near Line 170 that the optimization technique is relateds Sinkhorn scaling mentioned in Line 56 on. ",
            "ai_likelihood": 6.291601392957899e-07,
            "prediction": "Unlikely AI",
            "llm_prediction": {
                "GPT35": 0.0,
                "GPT4": 0.0,
                "CLAUDE": 0.0,
                "GOOGLE": 0.0,
                "OPENAI_O_SERIES": 0.0,
                "DEEPSEEK": 0.0,
                "GROK": 0.0,
                "NOVA": 0.0,
                "OTHER": 0.0,
                "HUMAN": 0.0
            },
            "metadata": {
                "request_id": "40670b00-034d-4f4c-aa38-e06c2fd14e49"
            },
            "start_index": 0,
            "end_index": 2709
        }
    ],
    "window_likelihoods": [
        6.291601392957899e-07
    ],
    "window_indices": [
        [
            0,
            2709
        ]
    ],
    "max_chunk_length": 200,
    "min_chunk_length": 160,
    "num_chunks_per_window": 3,
    "metadata": {
        "request_id": "40670b00-034d-4f4c-aa38-e06c2fd14e49"
    }
}