{
    "text": "This paper introduces a method for pinpointing key brain areas using a wide reaching online dictionary learning system\u2014a subject that garners significant attention from researchers and scholars alike. Howeverlack of theoretical scrutiny to validate the algorithms effectiveness stands out as a noticeable oversight in the manuscript. Moreoverthe written content seems to lack depth and precisionhinting at an oversight, on the part of the authors in carefully reviewing their work before final submission. The papers quality is compromised by the lack of editing when encountering unresolved comments like \"146 XXX. I don't get the transition, from V to v.\"",
    "ai_likelihood": 0.3781467013888889,
    "avg_ai_likelihood": 0.3781467013888889,
    "max_ai_likelihood": 0.3781467013888889,
    "prediction": "Possibly AI",
    "fraction_ai_content": 0.0,
    "llm_prediction": {
        "GPT35": 0,
        "GPT4": 0,
        "CLAUDE": 0,
        "GOOGLE": 0,
        "OPENAI_O_SERIES": 0,
        "DEEPSEEK": 0,
        "GROK": 0,
        "NOVA": 0,
        "OTHER": 0,
        "HUMAN": 0
    },
    "windows": [
        {
            "text": "This paper introduces a method for pinpointing key brain areas using a wide reaching online dictionary learning system\u2014a subject that garners significant attention from researchers and scholars alike. Howeverlack of theoretical scrutiny to validate the algorithms effectiveness stands out as a noticeable oversight in the manuscript. Moreoverthe written content seems to lack depth and precisionhinting at an oversight, on the part of the authors in carefully reviewing their work before final submission. The papers quality is compromised by the lack of editing when encountering unresolved comments like \"146 XXX. I don't get the transition, from V to v.\"",
            "ai_likelihood": 0.3781467013888889,
            "prediction": "Possibly AI",
            "llm_prediction": {
                "GPT35": 0.0,
                "GPT4": 0.0,
                "CLAUDE": 0.0,
                "GOOGLE": 0.0,
                "OPENAI_O_SERIES": 0.0,
                "DEEPSEEK": 0.0,
                "GROK": 0.0,
                "NOVA": 0.0,
                "OTHER": 0.0,
                "HUMAN": 0.0
            },
            "metadata": {
                "request_id": "b4f4f105-7a4e-454d-8077-8c283ab80aa3"
            },
            "start_index": 0,
            "end_index": 657
        }
    ],
    "window_likelihoods": [
        0.3781467013888889
    ],
    "window_indices": [
        [
            0,
            657
        ]
    ],
    "max_chunk_length": 200,
    "min_chunk_length": 160,
    "num_chunks_per_window": 3,
    "metadata": {
        "request_id": "b4f4f105-7a4e-454d-8077-8c283ab80aa3"
    }
}