{
    "text": "This document describes a method for analyzing spectra using the Koopman operator within a reproducing kernel Hilbert space and then using a common framework to create kernel based methods for studying nonlinear dynamic systems based on real world data findings.The eigenvalues of the Koopman operators projection enhance efficiency when analyzing both actual data tasks.The study introduces a kernel design for examining nonlinear dynamic systems, with justified inputs and experimental confirmation.However the authors should address some issues raised.  \nThe difference between this study and previous research conducted by M.O Williams et al. which utilized Koopman eigenvalues and modes, for analyzing nonlinear system dynamics 2015 is not clearly defined here A thorough comparison and discussion outlining the key distinctions would be helpful. \nThe area of studying systems with nonlinear dynamics and kernel methods is vast and rich in resources; however there are some notable references that are not mentioned in the text such as works, by L.Ralaivola andF.d\u2019Alche Buc,Tuia et al,Rojo Alavarez et al,M.Mouattamid and R.Shcack or M.O.Franz and B.B.Shcolkopf.The writers ought to think about including these references to offer a thorough perspective. \nThe Koopman operator is typically described for systems that're deterministic in nature; however delving deeper into its effectiveness in stochastic environments. Which are more representative of reality. Would be valuable feedback to consider further, from the authors standpoint. It was noted briefly by the authors but additional elaboration and perhaps a simple experiment could help showcase the operators potential better. \nThe comment found on page 5 in line 216 indicates that the estimation method may not always involve a sequence but rather a set of pairs of observations with nonlinear pointwise connections between them The effects of this assumption on multidimensional time series with possibly limited pointwise relationships and the advantages of the suggested kernel design, in such scenarios need to be elaborated further Also the authors should delve into the causal presumption embedded in the context and its consequences\nThe experimental setup seems a bit constrained since it mostly adheres to methods.The section on \"Embedding and Recognition of Dynamics\" doesn\u2019t delve into discussing the connections and contrasts with studies on clustering time series like kernel k means and other similar subspace kernel methods.Furthermore the experiment on change point detection could benefit from comparing the suggested approach, with cutting edge online change detection techniques using kernels because the current method is acknowledged to struggle with intricate dynamics. Additional experiments are needed to strengthen the argument for progress, in this area. \n There are a minor matters to address in the paper. It is well written and understandable overall; however a couple of typos were spotted that need attention; Firstly the indices on tau\u2212 \u2081 versus tau should be reviewed. Secondly a comma ought to be used of a dot in k(xi,x j) which is in the final equation, on page seven. ",
    "ai_likelihood": 0.0003509584502501635,
    "avg_ai_likelihood": 0.0003509584502501635,
    "max_ai_likelihood": 0.0006532669067382812,
    "prediction": "Fully human-written",
    "fraction_ai_content": 0.0,
    "llm_prediction": {
        "GPT35": 0,
        "GPT4": 0,
        "CLAUDE": 0,
        "GOOGLE": 0,
        "OPENAI_O_SERIES": 0,
        "DEEPSEEK": 0,
        "GROK": 0,
        "NOVA": 0,
        "OTHER": 0,
        "HUMAN": 0
    },
    "windows": [
        {
            "text": "This document describes a method for analyzing spectra using the Koopman operator within a reproducing kernel Hilbert space and then using a common framework to create kernel based methods for studying nonlinear dynamic systems based on real world data findings.The eigenvalues of the Koopman operators projection enhance efficiency when analyzing both actual data tasks.The study introduces a kernel design for examining nonlinear dynamic systems, with justified inputs and experimental confirmation.However the authors should address some issues raised.  \nThe difference between this study and previous research conducted by M.O Williams et al. which utilized Koopman eigenvalues and modes, for analyzing nonlinear system dynamics 2015 is not clearly defined here A thorough comparison and discussion outlining the key distinctions would be helpful. \nThe area of studying systems with nonlinear dynamics and kernel methods is vast and rich in resources; however there are some notable references that are not mentioned in the text such as works, by L.Ralaivola andF.d\u2019Alche Buc,Tuia et al,Rojo Alavarez et al,M.Mouattamid and R.Shcack or M.O.Franz and B.B.Shcolkopf.The writers ought to think about including these references to offer a thorough perspective. \nThe Koopman operator is typically described for systems that're deterministic in nature; however delving deeper into its effectiveness in stochastic environments. Which are more representative of reality. Would be valuable feedback to consider further, from the authors standpoint. It was noted briefly by the authors but additional elaboration and perhaps a simple experiment could help showcase the operators potential better. \nThe comment found on page 5 in line 216 indicates that the estimation method may not always involve a sequence but rather a set of pairs of observations with nonlinear pointwise connections between them The effects of this assumption on multidimensional time series with possibly limited pointwise relationships and the advantages of the suggested kernel design, in such scenarios need to be elaborated further Also the authors should delve into the causal presumption embedded in the context and its consequences\nThe experimental setup seems a bit constrained since it mostly adheres to methods.The section on \"Embedding and Recognition of Dynamics\" doesn\u2019t delve into discussing the connections and contrasts with studies on clustering time series like kernel k means and other similar subspace kernel methods.Furthermore the experiment on change point detection could benefit from comparing the suggested approach, with cutting edge online change",
            "ai_likelihood": 0.0006532669067382812,
            "prediction": "Unlikely AI",
            "llm_prediction": {
                "GPT35": 0.0,
                "GPT4": 0.0,
                "CLAUDE": 0.0,
                "GOOGLE": 0.0,
                "OPENAI_O_SERIES": 0.0,
                "DEEPSEEK": 0.0,
                "GROK": 0.0,
                "NOVA": 0.0,
                "OTHER": 0.0,
                "HUMAN": 0.0
            },
            "metadata": {
                "request_id": "86dac585-a5e6-437a-8971-3275badbc82f"
            },
            "start_index": 0,
            "end_index": 2641
        },
        {
            "text": " in resources; however there are some notable references that are not mentioned in the text such as works, by L.Ralaivola andF.d\u2019Alche Buc,Tuia et al,Rojo Alavarez et al,M.Mouattamid and R.Shcack or M.O.Franz and B.B.Shcolkopf.The writers ought to think about including these references to offer a thorough perspective. \nThe Koopman operator is typically described for systems that're deterministic in nature; however delving deeper into its effectiveness in stochastic environments. Which are more representative of reality. Would be valuable feedback to consider further, from the authors standpoint. It was noted briefly by the authors but additional elaboration and perhaps a simple experiment could help showcase the operators potential better. \nThe comment found on page 5 in line 216 indicates that the estimation method may not always involve a sequence but rather a set of pairs of observations with nonlinear pointwise connections between them The effects of this assumption on multidimensional time series with possibly limited pointwise relationships and the advantages of the suggested kernel design, in such scenarios need to be elaborated further Also the authors should delve into the causal presumption embedded in the context and its consequences\nThe experimental setup seems a bit constrained since it mostly adheres to methods.The section on \"Embedding and Recognition of Dynamics\" doesn\u2019t delve into discussing the connections and contrasts with studies on clustering time series like kernel k means and other similar subspace kernel methods.Furthermore the experiment on change point detection could benefit from comparing the suggested approach, with cutting edge online change detection techniques using kernels because the current method is acknowledged to struggle with intricate dynamics. Additional experiments are needed to strengthen the argument for progress, in this area. \n There are a minor matters to address in the paper. It is well written and understandable overall; however a couple of typos were spotted that need attention; Firstly the indices on tau\u2212 \u2081 versus tau should be reviewed. Secondly a comma ought to be used of a dot in k(xi,x j) which is in the final equation, on page seven. ",
            "ai_likelihood": 1.1920928955078125e-05,
            "prediction": "Unlikely AI",
            "llm_prediction": {
                "GPT35": 0.0,
                "GPT4": 0.0,
                "CLAUDE": 0.0,
                "GOOGLE": 0.0,
                "OPENAI_O_SERIES": 0.0,
                "DEEPSEEK": 0.0,
                "GROK": 0.0,
                "NOVA": 0.0,
                "OTHER": 0.0,
                "HUMAN": 0.0
            },
            "metadata": {
                "request_id": "86dac585-a5e6-437a-8971-3275badbc82f"
            },
            "start_index": 941,
            "end_index": 3170
        }
    ],
    "window_likelihoods": [
        0.0006532669067382812,
        1.1920928955078125e-05
    ],
    "window_indices": [
        [
            0,
            2641
        ],
        [
            941,
            3170
        ]
    ],
    "max_chunk_length": 200,
    "min_chunk_length": 160,
    "num_chunks_per_window": 3,
    "metadata": {
        "request_id": "86dac585-a5e6-437a-8971-3275badbc82f"
    }
}