{
    "text": "This paper introduces a method, for Bayesian Optimization called the batch sequence approach and a variant of the Knowledge Gradient criterion named q Knowledge Gradient criterion after discussing related research and Gaussian processes in depth. The authors describe the q Knowledge Gradient criterion and explain its computational aspects similarly to the standard Knowledge Gradient criterion. Additionally the study includes tests that show the effectiveness of q Knowledge Gradient compared to other advanced batch sequence Bayesian Optimization methods. This paper is really well. Deserves to be published in NIPS because of its potential to make a significant impact on society by advancing parallelization in Bayesian optimization algorithms. However there are a couple of critiques; The paper could explore speed improvements from transitioning from sequential to batch sequence methods and there are some inaccuracies, in the literature reviews statements. For example \" Krigging is found to be suitable for optimizing in parallel\". Chevalier et al.s study of CL mix previously investigated integrating Expected Improvement based on posterior distributions.Natural gradient was utilized for maximizing q EI in the study \"Enhancing the multipoint Expected Improvement, for batch design\".Furthermore the study raises questions and comments.  \nAre sets A. Function f both compact and continuous? \nWhy is it important to limit A to a Latin Hypercube Sample at the beginning? \nDoes Algorithm 1 consider adjusting hyperparameters or updating using an approach? \nIn Section 5 of the material provided to us on in the document that we've been reviewing together for a while now. It's a real page turner!. Do you think that the main goal of defining g is, about maximizing something or minimizing it instead? \nThe clarity of the function g and the rate of change of the Cholesky factor might not be obvious, at first. Could benefit from further explanation. \nIt's probably like 1 and 1 over 3 than 3 over 7, for the Mat\u00e9rn parameter. \nCould we fit the Gaussian processes in Figure 1 and the related experiments using various software packages instead? ",
    "ai_likelihood": 6.622738308376736e-07,
    "avg_ai_likelihood": 6.622738308376736e-07,
    "max_ai_likelihood": 6.622738308376736e-07,
    "prediction": "Unlikely AI",
    "fraction_ai_content": 0.0,
    "llm_prediction": {
        "GPT35": 0,
        "GPT4": 0,
        "CLAUDE": 0,
        "GOOGLE": 0,
        "OPENAI_O_SERIES": 0,
        "DEEPSEEK": 0,
        "GROK": 0,
        "NOVA": 0,
        "OTHER": 0,
        "HUMAN": 0
    },
    "windows": [
        {
            "text": "This paper introduces a method, for Bayesian Optimization called the batch sequence approach and a variant of the Knowledge Gradient criterion named q Knowledge Gradient criterion after discussing related research and Gaussian processes in depth. The authors describe the q Knowledge Gradient criterion and explain its computational aspects similarly to the standard Knowledge Gradient criterion. Additionally the study includes tests that show the effectiveness of q Knowledge Gradient compared to other advanced batch sequence Bayesian Optimization methods. This paper is really well. Deserves to be published in NIPS because of its potential to make a significant impact on society by advancing parallelization in Bayesian optimization algorithms. However there are a couple of critiques; The paper could explore speed improvements from transitioning from sequential to batch sequence methods and there are some inaccuracies, in the literature reviews statements. For example \" Krigging is found to be suitable for optimizing in parallel\". Chevalier et al.s study of CL mix previously investigated integrating Expected Improvement based on posterior distributions.Natural gradient was utilized for maximizing q EI in the study \"Enhancing the multipoint Expected Improvement, for batch design\".Furthermore the study raises questions and comments.  \nAre sets A. Function f both compact and continuous? \nWhy is it important to limit A to a Latin Hypercube Sample at the beginning? \nDoes Algorithm 1 consider adjusting hyperparameters or updating using an approach? \nIn Section 5 of the material provided to us on in the document that we've been reviewing together for a while now. It's a real page turner!. Do you think that the main goal of defining g is, about maximizing something or minimizing it instead? \nThe clarity of the function g and the rate of change of the Cholesky factor might not be obvious, at first. Could benefit from further explanation. \nIt's probably like 1 and 1 over 3 than 3 over 7, for the Mat\u00e9rn parameter. \nCould we fit the Gaussian processes in Figure 1 and the related experiments using various software packages instead? ",
            "ai_likelihood": 6.622738308376736e-07,
            "prediction": "Unlikely AI",
            "llm_prediction": {
                "GPT35": 0.0,
                "GPT4": 0.0,
                "CLAUDE": 0.0,
                "GOOGLE": 0.0,
                "OPENAI_O_SERIES": 0.0,
                "DEEPSEEK": 0.0,
                "GROK": 0.0,
                "NOVA": 0.0,
                "OTHER": 0.0,
                "HUMAN": 0.0
            },
            "metadata": {
                "request_id": "662370e7-acff-4cae-9db1-63838b4f7fec"
            },
            "start_index": 0,
            "end_index": 2153
        }
    ],
    "window_likelihoods": [
        6.622738308376736e-07
    ],
    "window_indices": [
        [
            0,
            2153
        ]
    ],
    "max_chunk_length": 200,
    "min_chunk_length": 160,
    "num_chunks_per_window": 3,
    "metadata": {
        "request_id": "662370e7-acff-4cae-9db1-63838b4f7fec"
    }
}