{
    "text": "This document delves into saddle point problems that show a convex concave nature and explains how current stochastic variance reduction methods like SVRG and SAGA can be used in conjunction with an operator, for solving these problems effectively. The authors analyze these issues using operators and demonstrate linear convergence in their study. Additionally\uff0c they introduce a version and investigate a sampling method that is not uniform.  \nThe paper brings innovative ideas to the table through in depth theoretical examination that offers new insights into saddle point problems of high significance.The authors make a noteworthy extension of their approach to encompass separable functions\u2014a notable addition, to the field.  \nFrom a perspective although the theoretical advancements are praiseworthy there is room for improvement in the way the information is presented. Clarifying the link to monotone operators, which is currently discussed as an extension, in Section 6 would enhance the papers readability. Given that the analysis depends on monotone operators introducing this concept earlier could aid the readers understanding.  \nExpanding the scope of the study by incorporating datasets beyond just two would enhance the research papers credibility significantly. It would be advantageous to compare the findings with techniques like the stochastic version of the Chambolle Pock algorithm (referenced in http;//www.jmlr.org/proceedings/papers/v37/zhang15.pdf). Make sure to include this citation, in your submission. \nThere are an areas that the authors need to clarify. \nAssumptions A Cs validity needs explanation\u2014especially assumption A\u2014and it would be beneficial if we could ascertain whether these assumptions remain applicable when addressing the saddle point issue arising from SVM. \nA detailed explanation of the variances, between the stochastic primal dual approach and the method proposed by the authors is needed. \nIn Theorem 2 provided has raised a question, about the clarity of the constant \\mu referenced within it; specifically if it relates to the monotonicity constant discussed in the appendix and how this finding differs from Theorem 1s conclusion. \nThe shift from assumptions (1) (3) as outlined in the appendix can be puzzling at glance raising questions like whether these assumptions necessitate a sense of monotonicity, in the context being discussed. \nThere are some problems to consider; \nThere is a confusion with the L being used for both the condition number and the Lipschitz constant in mathematical contexts like \"The quantity L represents the condition number of the problem \" and \"we need the Lipschitz constant L.\" It can be unclear, without clarification. \nTo improve the thoroughness of the paper it would be beneficial to include a citation, for the Forward\u2013Backward algorithm. ",
    "ai_likelihood": 0.0023319721826050473,
    "avg_ai_likelihood": 0.0023319721826050473,
    "max_ai_likelihood": 0.003931257459852431,
    "prediction": "Fully human-written",
    "fraction_ai_content": 0.0,
    "llm_prediction": {
        "GPT35": 0,
        "GPT4": 0,
        "CLAUDE": 0,
        "GOOGLE": 0,
        "OPENAI_O_SERIES": 0,
        "DEEPSEEK": 0,
        "GROK": 0,
        "NOVA": 0,
        "OTHER": 0,
        "HUMAN": 0
    },
    "windows": [
        {
            "text": "This document delves into saddle point problems that show a convex concave nature and explains how current stochastic variance reduction methods like SVRG and SAGA can be used in conjunction with an operator, for solving these problems effectively. The authors analyze these issues using operators and demonstrate linear convergence in their study. Additionally\uff0c they introduce a version and investigate a sampling method that is not uniform.  \nThe paper brings innovative ideas to the table through in depth theoretical examination that offers new insights into saddle point problems of high significance.The authors make a noteworthy extension of their approach to encompass separable functions\u2014a notable addition, to the field.  \nFrom a perspective although the theoretical advancements are praiseworthy there is room for improvement in the way the information is presented. Clarifying the link to monotone operators, which is currently discussed as an extension, in Section 6 would enhance the papers readability. Given that the analysis depends on monotone operators introducing this concept earlier could aid the readers understanding.  \nExpanding the scope of the study by incorporating datasets beyond just two would enhance the research papers credibility significantly. It would be advantageous to compare the findings with techniques like the stochastic version of the Chambolle Pock algorithm (referenced in http;//www.jmlr.org/proceedings/papers/v37/zhang15.pdf). Make sure to include this citation, in your submission. \nThere are an areas that the authors need to clarify. \nAssumptions A Cs validity needs explanation\u2014especially assumption A\u2014and it would be beneficial if we could ascertain whether these assumptions remain applicable when addressing the saddle point issue arising from SVM. \nA detailed explanation of the variances, between the stochastic primal dual approach and the method proposed by the authors is needed. \nIn Theorem 2 provided has raised a question, about the clarity of the constant \\mu referenced within it; specifically if it relates to the monotonicity constant discussed in the appendix and how this finding differs from Theorem 1s conclusion. \nThe shift from assumptions (1) (3) as outlined in the appendix can be puzzling at glance raising questions like whether these assumptions necessitate a sense of monotonicity, in the context being discussed. \nThere are some problems to consider; \nThere is a confusion with the L being used for both the condition number and the Lipschitz constant in mathematical contexts like \"The quantity L represents the condition number of the problem \" and \"we need the Lipschitz constant L.\" It can be unclear, without clarification. \n",
            "ai_likelihood": 0.003931257459852431,
            "prediction": "Unlikely AI",
            "llm_prediction": {
                "GPT35": 0.0,
                "GPT4": 0.0,
                "CLAUDE": 0.0,
                "GOOGLE": 0.0,
                "OPENAI_O_SERIES": 0.0,
                "DEEPSEEK": 0.0,
                "GROK": 0.0,
                "NOVA": 0.0,
                "OTHER": 0.0,
                "HUMAN": 0.0
            },
            "metadata": {
                "request_id": "9e9734cf-a477-4f21-b20a-0827df3b8314"
            },
            "start_index": 0,
            "end_index": 2712
        },
        {
            "text": "Given that the analysis depends on monotone operators introducing this concept earlier could aid the readers understanding.  \nExpanding the scope of the study by incorporating datasets beyond just two would enhance the research papers credibility significantly. It would be advantageous to compare the findings with techniques like the stochastic version of the Chambolle Pock algorithm (referenced in http;//www.jmlr.org/proceedings/papers/v37/zhang15.pdf). Make sure to include this citation, in your submission. \nThere are an areas that the authors need to clarify. \nAssumptions A Cs validity needs explanation\u2014especially assumption A\u2014and it would be beneficial if we could ascertain whether these assumptions remain applicable when addressing the saddle point issue arising from SVM. \nA detailed explanation of the variances, between the stochastic primal dual approach and the method proposed by the authors is needed. \nIn Theorem 2 provided has raised a question, about the clarity of the constant \\mu referenced within it; specifically if it relates to the monotonicity constant discussed in the appendix and how this finding differs from Theorem 1s conclusion. \nThe shift from assumptions (1) (3) as outlined in the appendix can be puzzling at glance raising questions like whether these assumptions necessitate a sense of monotonicity, in the context being discussed. \nThere are some problems to consider; \nThere is a confusion with the L being used for both the condition number and the Lipschitz constant in mathematical contexts like \"The quantity L represents the condition number of the problem \" and \"we need the Lipschitz constant L.\" It can be unclear, without clarification. \nTo improve the thoroughness of the paper it would be beneficial to include a citation, for the Forward\u2013Backward algorithm. ",
            "ai_likelihood": 6.741947597927517e-05,
            "prediction": "Unlikely AI",
            "llm_prediction": {
                "GPT35": 0.0,
                "GPT4": 0.0,
                "CLAUDE": 0.0,
                "GOOGLE": 0.0,
                "OPENAI_O_SERIES": 0.0,
                "DEEPSEEK": 0.0,
                "GROK": 0.0,
                "NOVA": 0.0,
                "OTHER": 0.0,
                "HUMAN": 0.0
            },
            "metadata": {
                "request_id": "9e9734cf-a477-4f21-b20a-0827df3b8314"
            },
            "start_index": 1018,
            "end_index": 2835
        }
    ],
    "window_likelihoods": [
        0.003931257459852431,
        6.741947597927517e-05
    ],
    "window_indices": [
        [
            0,
            2712
        ],
        [
            1018,
            2835
        ]
    ],
    "max_chunk_length": 200,
    "min_chunk_length": 160,
    "num_chunks_per_window": 3,
    "metadata": {
        "request_id": "9e9734cf-a477-4f21-b20a-0827df3b8314"
    }
}