{
    "text": "The paper introduces a method for training ensemble models using stochastic gradient descent techniques that build on the previous research of Guzman River and colleagues [reference 8]. It focuses on leveraging the output loss from a single classifier within the ensemble to promote diversity among classifiers\u2014a significant advancement in integrating this approach, with deep neural networks technology.The manuscript is well organized. Holds the readers interest throughout. My main worry is about how innovative the algorithm is. I'm not sure if it's a big improvement over the previous version [reference]. The authors make a case, for their changes making the algorithm more useful which makes me lean towards suggesting acceptance of their work. One idea to explore further could be to see how well the MCL algorithm works using batch sizes compared to using the entire dataset all at once. It would also be helpful to dig into the impact of \"diversity\" as this could give us more valuable insights and make the research even stronger. ",
    "ai_likelihood": 0.03618028428819445,
    "avg_ai_likelihood": 0.03618028428819445,
    "max_ai_likelihood": 0.03618028428819445,
    "prediction": "Unlikely AI",
    "fraction_ai_content": 0.0,
    "llm_prediction": {
        "GPT35": 0,
        "GPT4": 0,
        "CLAUDE": 0,
        "GOOGLE": 0,
        "OPENAI_O_SERIES": 0,
        "DEEPSEEK": 0,
        "GROK": 0,
        "NOVA": 0,
        "OTHER": 0,
        "HUMAN": 0
    },
    "windows": [
        {
            "text": "The paper introduces a method for training ensemble models using stochastic gradient descent techniques that build on the previous research of Guzman River and colleagues [reference 8]. It focuses on leveraging the output loss from a single classifier within the ensemble to promote diversity among classifiers\u2014a significant advancement in integrating this approach, with deep neural networks technology.The manuscript is well organized. Holds the readers interest throughout. My main worry is about how innovative the algorithm is. I'm not sure if it's a big improvement over the previous version [reference]. The authors make a case, for their changes making the algorithm more useful which makes me lean towards suggesting acceptance of their work. One idea to explore further could be to see how well the MCL algorithm works using batch sizes compared to using the entire dataset all at once. It would also be helpful to dig into the impact of \"diversity\" as this could give us more valuable insights and make the research even stronger. ",
            "ai_likelihood": 0.03618028428819445,
            "prediction": "Unlikely AI",
            "llm_prediction": {
                "GPT35": 0.0,
                "GPT4": 0.0,
                "CLAUDE": 0.0,
                "GOOGLE": 0.0,
                "OPENAI_O_SERIES": 0.0,
                "DEEPSEEK": 0.0,
                "GROK": 0.0,
                "NOVA": 0.0,
                "OTHER": 0.0,
                "HUMAN": 0.0
            },
            "metadata": {
                "request_id": "5956cfca-98a4-4603-88ff-9dbc4f3b8440"
            },
            "start_index": 0,
            "end_index": 1042
        }
    ],
    "window_likelihoods": [
        0.03618028428819445
    ],
    "window_indices": [
        [
            0,
            1042
        ]
    ],
    "max_chunk_length": 200,
    "min_chunk_length": 160,
    "num_chunks_per_window": 3,
    "metadata": {
        "request_id": "5956cfca-98a4-4603-88ff-9dbc4f3b8440"
    }
}