{
    "text": "This research paper introduces a version of the CMA\u2013ES algorithm that is a cutting edge stochastic optimization method without utilizing derivatives. By incorporating learning mechanisms into the algorithmic process to adjust the parameters of a multivariate normal sampling distribution effectively alters an underlying metric. The innovative approach suggested in this study involves updating the covariance matrix by using triangular Cholesky factors which leads to a decrease in computational complexity and memory demands in contrast, to current methods. An extensive numerical assessment shows that this innovative method upholds the effectiveness of the CMA\u2013ES by retaining performance levels based on function evaluations while significantly reducing the algorithms processing time on the clock wall\u2014especially evident in scenarios with numerous dimensions involved. This contribution holds importance within the realm of optimization and is expected to establish itself as the preferred option for medium to large scale operations due to its various benefits such as decreased memory usage and complexity along, with the capability to acquire covariance matrix eigenvalues at no extra expense. The paper is nicely. The methodology is thoroughly evaluated.The integration of machine learning and information geometry along with their applications in reinforcement and supervised learning adds value to the NIPS conference.However a small recommendation would be to clarify how the comparability of implementations is guaranteed in relation, to CPU usage and provide specifics on the programming language utilized for implementation. Furthermore the note accompanying Figure 2 implies that distinctions become more noticeable, as the dimensionality increases; however this observation does not seem to apply to the Cigar and Discus functions in 256 dimensions, which calls for a detailed explanation. ",
    "ai_likelihood": 2.4404790666368273e-05,
    "avg_ai_likelihood": 2.4404790666368273e-05,
    "max_ai_likelihood": 2.4404790666368273e-05,
    "prediction": "Unlikely AI",
    "fraction_ai_content": 0.0,
    "llm_prediction": {
        "GPT35": 0,
        "GPT4": 0,
        "CLAUDE": 0,
        "GOOGLE": 0,
        "OPENAI_O_SERIES": 0,
        "DEEPSEEK": 0,
        "GROK": 0,
        "NOVA": 0,
        "OTHER": 0,
        "HUMAN": 0
    },
    "windows": [
        {
            "text": "This research paper introduces a version of the CMA\u2013ES algorithm that is a cutting edge stochastic optimization method without utilizing derivatives. By incorporating learning mechanisms into the algorithmic process to adjust the parameters of a multivariate normal sampling distribution effectively alters an underlying metric. The innovative approach suggested in this study involves updating the covariance matrix by using triangular Cholesky factors which leads to a decrease in computational complexity and memory demands in contrast, to current methods. An extensive numerical assessment shows that this innovative method upholds the effectiveness of the CMA\u2013ES by retaining performance levels based on function evaluations while significantly reducing the algorithms processing time on the clock wall\u2014especially evident in scenarios with numerous dimensions involved. This contribution holds importance within the realm of optimization and is expected to establish itself as the preferred option for medium to large scale operations due to its various benefits such as decreased memory usage and complexity along, with the capability to acquire covariance matrix eigenvalues at no extra expense. The paper is nicely. The methodology is thoroughly evaluated.The integration of machine learning and information geometry along with their applications in reinforcement and supervised learning adds value to the NIPS conference.However a small recommendation would be to clarify how the comparability of implementations is guaranteed in relation, to CPU usage and provide specifics on the programming language utilized for implementation. Furthermore the note accompanying Figure 2 implies that distinctions become more noticeable, as the dimensionality increases; however this observation does not seem to apply to the Cigar and Discus functions in 256 dimensions, which calls for a detailed explanation. ",
            "ai_likelihood": 2.4404790666368273e-05,
            "prediction": "Unlikely AI",
            "llm_prediction": {
                "GPT35": 0.0,
                "GPT4": 0.0,
                "CLAUDE": 0.0,
                "GOOGLE": 0.0,
                "OPENAI_O_SERIES": 0.0,
                "DEEPSEEK": 0.0,
                "GROK": 0.0,
                "NOVA": 0.0,
                "OTHER": 0.0,
                "HUMAN": 0.0
            },
            "metadata": {
                "request_id": "a02f4b50-d6ad-48f8-b22e-14e748155b92"
            },
            "start_index": 0,
            "end_index": 1908
        }
    ],
    "window_likelihoods": [
        2.4404790666368273e-05
    ],
    "window_indices": [
        [
            0,
            1908
        ]
    ],
    "max_chunk_length": 200,
    "min_chunk_length": 160,
    "num_chunks_per_window": 3,
    "metadata": {
        "request_id": "a02f4b50-d6ad-48f8-b22e-14e748155b92"
    }
}