{
    "text": "This article introduces a method for handling data labeling from crowdsourcing platforms by treating each worker as a source of information through different types of channels. The symmetric memoryless channel and the spammer or hammer channel model without feedback mechanisms taken into consideration. By viewing this problem as an encoding challenge for each kind of channel used in the process the authors delve into evaluating how budget allocation impacts the code rate and explore the balance, between accuracy and budget constraints. Moreover they delve into a coding method known as k incidence coding that entails collaborative tasks centered on categorizing groups of k items at the same time.I found the article to be interesting although it falls outside my area of expertise so I am unable to offer insights. ",
    "ai_likelihood": 4.172325134277344e-06,
    "avg_ai_likelihood": 4.172325134277344e-06,
    "max_ai_likelihood": 4.172325134277344e-06,
    "prediction": "Unlikely AI",
    "fraction_ai_content": 0.0,
    "llm_prediction": {
        "GPT35": 0,
        "GPT4": 0,
        "CLAUDE": 0,
        "GOOGLE": 0,
        "OPENAI_O_SERIES": 0,
        "DEEPSEEK": 0,
        "GROK": 0,
        "NOVA": 0,
        "OTHER": 0,
        "HUMAN": 0
    },
    "windows": [
        {
            "text": "This article introduces a method for handling data labeling from crowdsourcing platforms by treating each worker as a source of information through different types of channels. The symmetric memoryless channel and the spammer or hammer channel model without feedback mechanisms taken into consideration. By viewing this problem as an encoding challenge for each kind of channel used in the process the authors delve into evaluating how budget allocation impacts the code rate and explore the balance, between accuracy and budget constraints. Moreover they delve into a coding method known as k incidence coding that entails collaborative tasks centered on categorizing groups of k items at the same time.I found the article to be interesting although it falls outside my area of expertise so I am unable to offer insights. ",
            "ai_likelihood": 4.172325134277344e-06,
            "prediction": "Unlikely AI",
            "llm_prediction": {
                "GPT35": 0.0,
                "GPT4": 0.0,
                "CLAUDE": 0.0,
                "GOOGLE": 0.0,
                "OPENAI_O_SERIES": 0.0,
                "DEEPSEEK": 0.0,
                "GROK": 0.0,
                "NOVA": 0.0,
                "OTHER": 0.0,
                "HUMAN": 0.0
            },
            "metadata": {
                "request_id": "cf93bcaf-3635-400d-a65e-539ebc237769"
            },
            "start_index": 0,
            "end_index": 823
        }
    ],
    "window_likelihoods": [
        4.172325134277344e-06
    ],
    "window_indices": [
        [
            0,
            823
        ]
    ],
    "max_chunk_length": 200,
    "min_chunk_length": 160,
    "num_chunks_per_window": 3,
    "metadata": {
        "request_id": "cf93bcaf-3635-400d-a65e-539ebc237769"
    }
}