{
    "text": "This research delves into exploring how the Expectation Maximization algorithm and other iterative methods perform in achieving Maximum Likelihood Estimation when dealing with learning combinations of spherical Gaussians structures.The main discoveries shared encompass;  \nEven if there are plenty of samples and distinct clusters in the mix like three clusters apart, from each other to show how the EM algorithm might get trapped in local optimums. \nWhen dealing with a combination of k Gaussian distributions in mixtures and employing initialization for the EM algorithms convergence process\u2014 the chances of achieving successful convergence decrease significantly as k grows larger due, to exp( \u038f(k)).\nUpon studying Gradient EM analysis results it appears that the method tends to steer of getting stuck, in sharp saddle points and indicates that the main problem may stem from unfavorable local maxima positions. \nThe paper effectively discusses these findings to show that Expectation Maximization (EM) doesn\u2019t reach the maximum even with an infinite number of samples available for analysis. Nevertheless the reviewer sees these results as somewhat expected as the methods used follow a path. An important instance that highlights this is a scenario with a combination of three elements, where two're close together and one is far apart. This setup leads to a situation where there is a peak to the first two elements and two peaks close, to the distant cluster. This pattern can be predicted in advance when the distance between centers is greater than the root of d and leads to a situation similar, to k means clustering with familiar issues related to local maxima. \nExpanding this scenario to k elements involves some work. Is somewhat predictable as well. Likewise the challenges with starting points resemble the difficulties encountered in k means clustering and come with similar chances of failure. To sum up the findings presented in the paper suggest a narrative, about not reaching the best overall solutions and mostly match what was expected. \nSome interesting points to mention are that the Kumar Kannan study offers reassurance on the convergence of Lloyds heuristic in k means clustering and its connections to mixtures of Gaussians in cases where there is distinction present. It would be advantageous to have a discussion comparing how the EM algorithm operates in relation, to k means. Lloyds heuristic when faced with significant separation scenarios to better understand these findings. ",
    "ai_likelihood": 0.00033828947279188374,
    "avg_ai_likelihood": 0.00033828947279188374,
    "max_ai_likelihood": 0.0003382894727918837,
    "prediction": "Unlikely AI",
    "fraction_ai_content": 0.0,
    "llm_prediction": {
        "GPT35": 0,
        "GPT4": 0,
        "CLAUDE": 0,
        "GOOGLE": 0,
        "OPENAI_O_SERIES": 0,
        "DEEPSEEK": 0,
        "GROK": 0,
        "NOVA": 0,
        "OTHER": 0,
        "HUMAN": 0
    },
    "windows": [
        {
            "text": "This research delves into exploring how the Expectation Maximization algorithm and other iterative methods perform in achieving Maximum Likelihood Estimation when dealing with learning combinations of spherical Gaussians structures.The main discoveries shared encompass;  \nEven if there are plenty of samples and distinct clusters in the mix like three clusters apart, from each other to show how the EM algorithm might get trapped in local optimums. \nWhen dealing with a combination of k Gaussian distributions in mixtures and employing initialization for the EM algorithms convergence process\u2014 the chances of achieving successful convergence decrease significantly as k grows larger due, to exp( \u038f(k)).\nUpon studying Gradient EM analysis results it appears that the method tends to steer of getting stuck, in sharp saddle points and indicates that the main problem may stem from unfavorable local maxima positions. \nThe paper effectively discusses these findings to show that Expectation Maximization (EM) doesn\u2019t reach the maximum even with an infinite number of samples available for analysis. Nevertheless the reviewer sees these results as somewhat expected as the methods used follow a path. An important instance that highlights this is a scenario with a combination of three elements, where two're close together and one is far apart. This setup leads to a situation where there is a peak to the first two elements and two peaks close, to the distant cluster. This pattern can be predicted in advance when the distance between centers is greater than the root of d and leads to a situation similar, to k means clustering with familiar issues related to local maxima. \nExpanding this scenario to k elements involves some work. Is somewhat predictable as well. Likewise the challenges with starting points resemble the difficulties encountered in k means clustering and come with similar chances of failure. To sum up the findings presented in the paper suggest a narrative, about not reaching the best overall solutions and mostly match what was expected. \nSome interesting points to mention are that the Kumar Kannan study offers reassurance on the convergence of Lloyds heuristic in k means clustering and its connections to mixtures of Gaussians in cases where there is distinction present. It would be advantageous to have a discussion comparing how the EM algorithm operates in relation, to k means. Lloyds heuristic when faced with significant separation scenarios to better understand these findings. ",
            "ai_likelihood": 0.0003382894727918837,
            "prediction": "Unlikely AI",
            "llm_prediction": {
                "GPT35": 0.0,
                "GPT4": 0.0,
                "CLAUDE": 0.0,
                "GOOGLE": 0.0,
                "OPENAI_O_SERIES": 0.0,
                "DEEPSEEK": 0.0,
                "GROK": 0.0,
                "NOVA": 0.0,
                "OTHER": 0.0,
                "HUMAN": 0.0
            },
            "metadata": {
                "request_id": "1ff2b967-8b99-4643-aabb-41e22862f0b0"
            },
            "start_index": 0,
            "end_index": 2516
        }
    ],
    "window_likelihoods": [
        0.0003382894727918837
    ],
    "window_indices": [
        [
            0,
            2516
        ]
    ],
    "max_chunk_length": 200,
    "min_chunk_length": 160,
    "num_chunks_per_window": 3,
    "metadata": {
        "request_id": "1ff2b967-8b99-4643-aabb-41e22862f0b0"
    }
}