{
    "text": "This paper delves into the topic of setting reserve prices for buyers who engage in a number of rounds (represented by tau) and decide on a purchase based on whether the minimum price they come across falls below their reserve price threshold.They shift my perspective after the authors response to this issue. Now I see that the main focus of the authors is on establishing a lower boundary rather, than an upper one.The abstract of the paper needs reworking to accurately represent its contents. Moreover the authors should stress the link, between their study and issues of policy regret giving importance to this aspect when presenting their research. ",
    "ai_likelihood": 8.477105034722223e-06,
    "avg_ai_likelihood": 8.477105034722223e-06,
    "max_ai_likelihood": 8.477105034722223e-06,
    "prediction": "Unlikely AI",
    "fraction_ai_content": 0.0,
    "llm_prediction": {
        "GPT35": 0,
        "GPT4": 0,
        "CLAUDE": 0,
        "GOOGLE": 0,
        "OPENAI_O_SERIES": 0,
        "DEEPSEEK": 0,
        "GROK": 0,
        "NOVA": 0,
        "OTHER": 0,
        "HUMAN": 0
    },
    "windows": [
        {
            "text": "This paper delves into the topic of setting reserve prices for buyers who engage in a number of rounds (represented by tau) and decide on a purchase based on whether the minimum price they come across falls below their reserve price threshold.They shift my perspective after the authors response to this issue. Now I see that the main focus of the authors is on establishing a lower boundary rather, than an upper one.The abstract of the paper needs reworking to accurately represent its contents. Moreover the authors should stress the link, between their study and issues of policy regret giving importance to this aspect when presenting their research. ",
            "ai_likelihood": 8.477105034722223e-06,
            "prediction": "Unlikely AI",
            "llm_prediction": {
                "GPT35": 0.0,
                "GPT4": 0.0,
                "CLAUDE": 0.0,
                "GOOGLE": 0.0,
                "OPENAI_O_SERIES": 0.0,
                "DEEPSEEK": 0.0,
                "GROK": 0.0,
                "NOVA": 0.0,
                "OTHER": 0.0,
                "HUMAN": 0.0
            },
            "metadata": {
                "request_id": "a10c00e9-e003-4e40-9039-35ca54718711"
            },
            "start_index": 0,
            "end_index": 656
        }
    ],
    "window_likelihoods": [
        8.477105034722223e-06
    ],
    "window_indices": [
        [
            0,
            656
        ]
    ],
    "max_chunk_length": 200,
    "min_chunk_length": 160,
    "num_chunks_per_window": 3,
    "metadata": {
        "request_id": "a10c00e9-e003-4e40-9039-35ca54718711"
    }
}