{
    "text": "This study combines adversarial networks (GANs) and variational autoencoders (VAEs) focusing on analyzing volumetric data to model and generate 3 dimensional shapes effectively. By using this method to create a 3 shape descriptor and correlating it with 2 dimensional images without supervision but solely based on voxel grid training data allows for precise 3 dimensional shape reconstruction. The effectiveness of this approach is assessed through tasks, like 3 object categorization employing the ModelNet dataset and reconstructing single images into 3 dimensional representations using the IKEA dataset. Here are the findings we've got; We're displaying examples related to the distribution of 3 shapes and the effects of changing different dimensions in describing 3 dimensional shapes along with exploring shape interpolation and arithmetic as well, as the unique features that the network has learned. Though the idea of mixing VAEs and GANs for these purposes isn't entirely groundbreaking since it was previously studied by Larsen et al in 2016 within a context; however venturing into working with volumetric data is a fresh application. The extension of this method is accomplished using structures to those outlined in the studies conducted by Radford et al in 2016 and Sharma et al in 2016; the key adjustment involves the incorporation of volumetric convolutions which seems to be a rather simple modification to make.The numerical outcomes are quite convincing as they show enhancements.In terms of categorizing 3D shapes the approach demonstrates competitiveness when compared to fully supervised techniques (excluding those pre trained using ImageNet) even though the process of representation learning is unsupervised. Compared to methods that don't require supervision in training data collection processings processingses process. this approach shows an improvement in performance level which results in halving the error rate when tested with the ModelNet10 dataset comparison comparison to other unsupervised methods. In terms of reconstructing 3D images from a photo this method also demonstrates a noticeable enhancement factoring as it boosts the accuracy rate from 38 percent, to 53 percent when evaluated against the IKEA benchmark mark benchmark. The paper is structured well presented and provides an adequate amount of technical information concerning model training  although it lacks theoretical analyses or proofs analysis or evidential support. The references included are sufficient enough references are well provided although additional theoretical analyses or proofs would add depth to the paper. The research presents findings that shed light onto how well the model performs and its quality; however at times the importance of these findings may not be completely evident to all readers. In terms though not particularly groundbreaking as per innovation goes in this field the study effectively showcases the strong performance of the learned representations from GANs and VAEs thus pushing forward the current standards, in unsupervised 3 dimensional volumetric shape categorization and reconstructing 3 dimensional shapes from a single image. These discoveries are likely to capture the interest of the community. ",
    "ai_likelihood": 2.4304802418618025e-05,
    "avg_ai_likelihood": 2.4304802418618025e-05,
    "max_ai_likelihood": 4.2087501949734156e-05,
    "prediction": "Fully human-written",
    "fraction_ai_content": 0.0,
    "llm_prediction": {
        "GPT35": 0,
        "GPT4": 0,
        "CLAUDE": 0,
        "GOOGLE": 0,
        "OPENAI_O_SERIES": 0,
        "DEEPSEEK": 0,
        "GROK": 0,
        "NOVA": 0,
        "OTHER": 0,
        "HUMAN": 0
    },
    "windows": [
        {
            "text": "This study combines adversarial networks (GANs) and variational autoencoders (VAEs) focusing on analyzing volumetric data to model and generate 3 dimensional shapes effectively. By using this method to create a 3 shape descriptor and correlating it with 2 dimensional images without supervision but solely based on voxel grid training data allows for precise 3 dimensional shape reconstruction. The effectiveness of this approach is assessed through tasks, like 3 object categorization employing the ModelNet dataset and reconstructing single images into 3 dimensional representations using the IKEA dataset. Here are the findings we've got; We're displaying examples related to the distribution of 3 shapes and the effects of changing different dimensions in describing 3 dimensional shapes along with exploring shape interpolation and arithmetic as well, as the unique features that the network has learned. Though the idea of mixing VAEs and GANs for these purposes isn't entirely groundbreaking since it was previously studied by Larsen et al in 2016 within a context; however venturing into working with volumetric data is a fresh application. The extension of this method is accomplished using structures to those outlined in the studies conducted by Radford et al in 2016 and Sharma et al in 2016; the key adjustment involves the incorporation of volumetric convolutions which seems to be a rather simple modification to make.The numerical outcomes are quite convincing as they show enhancements.In terms of categorizing 3D shapes the approach demonstrates competitiveness when compared to fully supervised techniques (excluding those pre trained using ImageNet) even though the process of representation learning is unsupervised. Compared to methods that don't require supervision in training data collection processings processingses process. this approach shows an improvement in performance level which results in halving the error rate when tested with the ModelNet10 dataset comparison comparison to other unsupervised methods. In terms of reconstructing 3D images from a photo this method also demonstrates a noticeable enhancement factoring as it boosts the accuracy rate from 38 percent, to 53 percent when evaluated against the IKEA benchmark mark benchmark. The paper is structured well presented and provides an adequate amount of technical information concerning model training  although it lacks theoretical analyses or proofs analysis or evidential support. The references included are sufficient enough references are well provided although additional theoretical analyses or proofs would add depth to the paper. ",
            "ai_likelihood": 4.2087501949734156e-05,
            "prediction": "Unlikely AI",
            "llm_prediction": {
                "GPT35": 0.0,
                "GPT4": 0.0,
                "CLAUDE": 0.0,
                "GOOGLE": 0.0,
                "OPENAI_O_SERIES": 0.0,
                "DEEPSEEK": 0.0,
                "GROK": 0.0,
                "NOVA": 0.0,
                "OTHER": 0.0,
                "HUMAN": 0.0
            },
            "metadata": {
                "request_id": "2d904a13-0803-4bdc-a7b4-1560c45a0464"
            },
            "start_index": 0,
            "end_index": 2636
        },
        {
            "text": " features that the network has learned. Though the idea of mixing VAEs and GANs for these purposes isn't entirely groundbreaking since it was previously studied by Larsen et al in 2016 within a context; however venturing into working with volumetric data is a fresh application. The extension of this method is accomplished using structures to those outlined in the studies conducted by Radford et al in 2016 and Sharma et al in 2016; the key adjustment involves the incorporation of volumetric convolutions which seems to be a rather simple modification to make.The numerical outcomes are quite convincing as they show enhancements.In terms of categorizing 3D shapes the approach demonstrates competitiveness when compared to fully supervised techniques (excluding those pre trained using ImageNet) even though the process of representation learning is unsupervised. Compared to methods that don't require supervision in training data collection processings processingses process. this approach shows an improvement in performance level which results in halving the error rate when tested with the ModelNet10 dataset comparison comparison to other unsupervised methods. In terms of reconstructing 3D images from a photo this method also demonstrates a noticeable enhancement factoring as it boosts the accuracy rate from 38 percent, to 53 percent when evaluated against the IKEA benchmark mark benchmark. The paper is structured well presented and provides an adequate amount of technical information concerning model training  although it lacks theoretical analyses or proofs analysis or evidential support. The references included are sufficient enough references are well provided although additional theoretical analyses or proofs would add depth to the paper. The research presents findings that shed light onto how well the model performs and its quality; however at times the importance of these findings may not be completely evident to all readers. In terms though not particularly groundbreaking as per innovation goes in this field the study effectively showcases the strong performance of the learned representations from GANs and VAEs thus pushing forward the current standards, in unsupervised 3 dimensional volumetric shape categorization and reconstructing 3 dimensional shapes from a single image. These discoveries are likely to capture the interest of the community. ",
            "ai_likelihood": 4.437234666612413e-06,
            "prediction": "Unlikely AI",
            "llm_prediction": {
                "GPT35": 0.0,
                "GPT4": 0.0,
                "CLAUDE": 0.0,
                "GOOGLE": 0.0,
                "OPENAI_O_SERIES": 0.0,
                "DEEPSEEK": 0.0,
                "GROK": 0.0,
                "NOVA": 0.0,
                "OTHER": 0.0,
                "HUMAN": 0.0
            },
            "metadata": {
                "request_id": "2d904a13-0803-4bdc-a7b4-1560c45a0464"
            },
            "start_index": 870,
            "end_index": 3257
        }
    ],
    "window_likelihoods": [
        4.2087501949734156e-05,
        4.437234666612413e-06
    ],
    "window_indices": [
        [
            0,
            2636
        ],
        [
            870,
            3257
        ]
    ],
    "max_chunk_length": 200,
    "min_chunk_length": 160,
    "num_chunks_per_window": 3,
    "metadata": {
        "request_id": "2d904a13-0803-4bdc-a7b4-1560c45a0464"
    }
}