{
    "text": "This study introduces a model for a two layer neural network with restrictions on the middle layer structure to optimize training objectives efficiently in real world scenarios.The authors extensively explain the methodology used and test it on applications such as transliteration and image inpainting tasks.However I am skeptical about the validity of this approach due to the assumptions and simplifications made in the research which raise doubts, about its practical effectiveness. For example the use of a \" level\" target rather than the typical likelihood goal lacks a clear explanation in terms of optimization context and is justified mainly by simplification reasons requiring more discussion, on how it affects the models being learned.Similarly the SDP relaxation method though it makes the problem convex is not fully described making it unclear how it balances convexity and fidelity loss. The papers clarity is affected by issues such as the unproven assertion that optimizing over S and Y is equivalent unless Y is constrained (for example { 0  1 }  d ) along with several typos and grammatical errors mentioned within it.The experiments are interesting and show outcomes when compared with CRF AE; however a more comprehensive analysis would be beneficial.It should include comparisons of likelihood values well as computational efficiency and performance concerning nonstructured methods in orderfor a clearer understanding of the significance of structure, in these problems. In the end\uff0ceven though the approach could be helpful\uff0cit is essential to provide an explanation\uff0cexamination\uff0cand practical testing to ensure its credibility\uff0eAfter considering the authors\u2019 input\uff0cI now recognize the mistake in my original review concerning line 132 and have revised my assessment of its technical excellence accordingly\uff0e ",
    "ai_likelihood": 0.0005997551812065972,
    "avg_ai_likelihood": 0.0005997551812065972,
    "max_ai_likelihood": 0.0005997551812065972,
    "prediction": "Unlikely AI",
    "fraction_ai_content": 0.0,
    "llm_prediction": {
        "GPT35": 0,
        "GPT4": 0,
        "CLAUDE": 0,
        "GOOGLE": 0,
        "OPENAI_O_SERIES": 0,
        "DEEPSEEK": 0,
        "GROK": 0,
        "NOVA": 0,
        "OTHER": 0,
        "HUMAN": 0
    },
    "windows": [
        {
            "text": "This study introduces a model for a two layer neural network with restrictions on the middle layer structure to optimize training objectives efficiently in real world scenarios.The authors extensively explain the methodology used and test it on applications such as transliteration and image inpainting tasks.However I am skeptical about the validity of this approach due to the assumptions and simplifications made in the research which raise doubts, about its practical effectiveness. For example the use of a \" level\" target rather than the typical likelihood goal lacks a clear explanation in terms of optimization context and is justified mainly by simplification reasons requiring more discussion, on how it affects the models being learned.Similarly the SDP relaxation method though it makes the problem convex is not fully described making it unclear how it balances convexity and fidelity loss. The papers clarity is affected by issues such as the unproven assertion that optimizing over S and Y is equivalent unless Y is constrained (for example { 0  1 }  d ) along with several typos and grammatical errors mentioned within it.The experiments are interesting and show outcomes when compared with CRF AE; however a more comprehensive analysis would be beneficial.It should include comparisons of likelihood values well as computational efficiency and performance concerning nonstructured methods in orderfor a clearer understanding of the significance of structure, in these problems. In the end\uff0ceven though the approach could be helpful\uff0cit is essential to provide an explanation\uff0cexamination\uff0cand practical testing to ensure its credibility\uff0eAfter considering the authors\u2019 input\uff0cI now recognize the mistake in my original review concerning line 132 and have revised my assessment of its technical excellence accordingly\uff0e ",
            "ai_likelihood": 0.0005997551812065972,
            "prediction": "Unlikely AI",
            "llm_prediction": {
                "GPT35": 0.0,
                "GPT4": 0.0,
                "CLAUDE": 0.0,
                "GOOGLE": 0.0,
                "OPENAI_O_SERIES": 0.0,
                "DEEPSEEK": 0.0,
                "GROK": 0.0,
                "NOVA": 0.0,
                "OTHER": 0.0,
                "HUMAN": 0.0
            },
            "metadata": {
                "request_id": "2352a77b-a349-473e-b86f-dfa317ac5f3e"
            },
            "start_index": 0,
            "end_index": 1829
        }
    ],
    "window_likelihoods": [
        0.0005997551812065972
    ],
    "window_indices": [
        [
            0,
            1829
        ]
    ],
    "max_chunk_length": 200,
    "min_chunk_length": 160,
    "num_chunks_per_window": 3,
    "metadata": {
        "request_id": "2352a77b-a349-473e-b86f-dfa317ac5f3e"
    }
}