{
    "text": "The researchers share their discoveries about achieving retrieval in the stochastic block model across various scenarios defined by the cluster quantity and size variations within them This study provides assurances for retrieval in new and broadly defined situations of the Stochastic Block Model While the findings are impressively thorough they seem to be only precise, to an extent which I believe poses a notable drawback. It's tough to assess this work because research, on the Stochastic Block Model is rapidly changing. Its hard to keep up with the latest advancements and reference all the relevant studies in the midst of numerous recent publications missing from the references list. So basically I'm finding it tricky to figure out what makes this paper stand out among many existing studies out there. The authors use the term \" observations,\" which is commonly recognized in literature as the \"Blocked Model, with Censorship.\"",
    "ai_likelihood": 7.947285970052084e-05,
    "avg_ai_likelihood": 7.947285970052084e-05,
    "max_ai_likelihood": 7.947285970052084e-05,
    "prediction": "Unlikely AI",
    "fraction_ai_content": 0.0,
    "llm_prediction": {
        "GPT35": 0,
        "GPT4": 0,
        "CLAUDE": 0,
        "GOOGLE": 0,
        "OPENAI_O_SERIES": 0,
        "DEEPSEEK": 0,
        "GROK": 0,
        "NOVA": 0,
        "OTHER": 0,
        "HUMAN": 0
    },
    "windows": [
        {
            "text": "The researchers share their discoveries about achieving retrieval in the stochastic block model across various scenarios defined by the cluster quantity and size variations within them This study provides assurances for retrieval in new and broadly defined situations of the Stochastic Block Model While the findings are impressively thorough they seem to be only precise, to an extent which I believe poses a notable drawback. It's tough to assess this work because research, on the Stochastic Block Model is rapidly changing. Its hard to keep up with the latest advancements and reference all the relevant studies in the midst of numerous recent publications missing from the references list. So basically I'm finding it tricky to figure out what makes this paper stand out among many existing studies out there. The authors use the term \" observations,\" which is commonly recognized in literature as the \"Blocked Model, with Censorship.\"",
            "ai_likelihood": 7.947285970052084e-05,
            "prediction": "Unlikely AI",
            "llm_prediction": {
                "GPT35": 0.0,
                "GPT4": 0.0,
                "CLAUDE": 0.0,
                "GOOGLE": 0.0,
                "OPENAI_O_SERIES": 0.0,
                "DEEPSEEK": 0.0,
                "GROK": 0.0,
                "NOVA": 0.0,
                "OTHER": 0.0,
                "HUMAN": 0.0
            },
            "metadata": {
                "request_id": "1d30aa3a-242f-40c1-a837-512340a675ef"
            },
            "start_index": 0,
            "end_index": 940
        }
    ],
    "window_likelihoods": [
        7.947285970052084e-05
    ],
    "window_indices": [
        [
            0,
            940
        ]
    ],
    "max_chunk_length": 200,
    "min_chunk_length": 160,
    "num_chunks_per_window": 3,
    "metadata": {
        "request_id": "1d30aa3a-242f-40c1-a837-512340a675ef"
    }
}