{
    "text": "This document explores the challenge of reducing the L2 value of x while adhering to a restriction on the difference between \u03a8x and ys value norm when the norm's L2 or L infinity instead of L2 or Li norms, as set out by the authors in their paper. In my view the paper doesn't do a job of placing its work in the NIPS framework and explaining its significance among the extensive literature discussing sparse recovery in linear systems There is doubt about the novelty of the proof techniques that aim to optimize the problem by creating a dual vector under certain noise conditions, on w (where y= \u03a6 x + w) allowing for sign recovery and structure recovery. Over the years a technique known as witness has been utilized to scrutinize convex relaxations of problems related to sparsity by prominent figures like Donoho,Candes,Tao andWainwright.This papers contribution of insights is somewhat ambiguous due to the extensive prior work in this area.Furthermore the experimental assessment in the paper lacks clarity and elaboration Critical details regarding the experiment,such as the noise present, in the observed data y and its distribution were not clearly articulated. The experiments don't seem to explore the impact of noise patterns on 'w' in the examination as was intended for this studys motivation. The findings shown in Figure 4 imply that traditional L2 loss methods might be more effective; however it's uncertain if this result is influenced by the noise distribution employed or a fundamental restriction of using L1 or L infinity norms. The experiments, in the paper fail to offer proof backing its claims which makes it challenging for readers to grasp the true significance and implications of the findings. ",
    "ai_likelihood": 0.111083984375,
    "avg_ai_likelihood": 0.111083984375,
    "max_ai_likelihood": 0.111083984375,
    "prediction": "Unlikely AI",
    "fraction_ai_content": 0.0,
    "llm_prediction": {
        "GPT35": 0,
        "GPT4": 0,
        "CLAUDE": 0,
        "GOOGLE": 0,
        "OPENAI_O_SERIES": 0,
        "DEEPSEEK": 0,
        "GROK": 0,
        "NOVA": 0,
        "OTHER": 0,
        "HUMAN": 0
    },
    "windows": [
        {
            "text": "This document explores the challenge of reducing the L2 value of x while adhering to a restriction on the difference between \u03a8x and ys value norm when the norm's L2 or L infinity instead of L2 or Li norms, as set out by the authors in their paper. In my view the paper doesn't do a job of placing its work in the NIPS framework and explaining its significance among the extensive literature discussing sparse recovery in linear systems There is doubt about the novelty of the proof techniques that aim to optimize the problem by creating a dual vector under certain noise conditions, on w (where y= \u03a6 x + w) allowing for sign recovery and structure recovery. Over the years a technique known as witness has been utilized to scrutinize convex relaxations of problems related to sparsity by prominent figures like Donoho,Candes,Tao andWainwright.This papers contribution of insights is somewhat ambiguous due to the extensive prior work in this area.Furthermore the experimental assessment in the paper lacks clarity and elaboration Critical details regarding the experiment,such as the noise present, in the observed data y and its distribution were not clearly articulated. The experiments don't seem to explore the impact of noise patterns on 'w' in the examination as was intended for this studys motivation. The findings shown in Figure 4 imply that traditional L2 loss methods might be more effective; however it's uncertain if this result is influenced by the noise distribution employed or a fundamental restriction of using L1 or L infinity norms. The experiments, in the paper fail to offer proof backing its claims which makes it challenging for readers to grasp the true significance and implications of the findings. ",
            "ai_likelihood": 0.111083984375,
            "prediction": "Unlikely AI",
            "llm_prediction": {
                "GPT35": 0.0,
                "GPT4": 0.0,
                "CLAUDE": 0.0,
                "GOOGLE": 0.0,
                "OPENAI_O_SERIES": 0.0,
                "DEEPSEEK": 0.0,
                "GROK": 0.0,
                "NOVA": 0.0,
                "OTHER": 0.0,
                "HUMAN": 0.0
            },
            "metadata": {
                "request_id": "1c00be43-8253-4f1b-a7a8-3cba05e6dc34"
            },
            "start_index": 0,
            "end_index": 1728
        }
    ],
    "window_likelihoods": [
        0.111083984375
    ],
    "window_indices": [
        [
            0,
            1728
        ]
    ],
    "max_chunk_length": 200,
    "min_chunk_length": 160,
    "num_chunks_per_window": 3,
    "metadata": {
        "request_id": "1c00be43-8253-4f1b-a7a8-3cba05e6dc34"
    }
}