{
    "text": "This paper introduces a method for creating arithmetic circuits (ACs) in graphical models by utilizing the multiplication of Probabilistic Sentential Decision Diagram (PSDD) which establishes a unique link between arithmetic circuits and PSDDs. The results obtained in terms of compilation sizes and times using this PSDD approach highlight enhancements compared to existing compilers; thus emphasizing the effectiveness and straightforwardness of this novel technique in constructing ACs. The paper is very well written. I believe it deserves acceptance, with just some minor adjustments needed.  \nA possible improvement could involve revisiting the title to represent the main advancements made in the paper. For instance; \"Streamlined Arithmetic Circuit Compilation, for Graphical Models using PSDD Multiplication \" a title that concisely encapsulates the key innovations of the research.  \nWhen we talk about terminology in this context; lets think about whether PSDD could fit under the category of Algebraic Sentential Decision Diagram (ASDD) considering its connection to Sentential Decision Diagram (SDD). What makes this interesting is that the numerical values in PSDD add up to one. A similarity we see between Binary Decision Diagram (BDD) and Algebraic Decision Diagram (ADD). This idea stems from the comparison, between factors and probabilities. Suggests that ASDD might be a better term to cover all aspects of these diagrams. \nThe first theorem suggests that having both decomposability and determinism is important, for making inference efficient potentially resulting in a linear time complexity based on the size of the AC (Algorithm Configuration). It would be helpful if the authors could clarify why lacking these properties makes inference more challenging to handle. There appears to be a misunderstanding that any AC representation of a model automatically enables linear time inference based solely on the size of the AC. If this misunderstanding is true it brings up the query of whether a simple PSDD multiplication method that doesn't maintain decomposability and determinism can lead to effective inference, in the resulting AC system. \nIn Algorithm 1 of the document provided there seems to be a lack of details regarding the cache described in line 19. It would be beneficial to clarify whether this cache is designed with the assumption that all subcircuits are cached recursively and thus maintain an ID for all PSDD structures (in a manner similar to ADD structures). This clarification is essential, for grasping the execution of the Multiply algorithm. \nSection 6 of the discussion, about AOMDDS doesn't clearly differentiate between PSDDS and AOMDDS so it would be helpful for the authors to explain these distinctions more to help readers better understand the manuscripts contributions. ",
    "ai_likelihood": 2.1562818592975463e-05,
    "avg_ai_likelihood": 2.1562818592975463e-05,
    "max_ai_likelihood": 3.2948123084174265e-05,
    "prediction": "Fully human-written",
    "fraction_ai_content": 0.0,
    "llm_prediction": {
        "GPT35": 0,
        "GPT4": 0,
        "CLAUDE": 0,
        "GOOGLE": 0,
        "OPENAI_O_SERIES": 0,
        "DEEPSEEK": 0,
        "GROK": 0,
        "NOVA": 0,
        "OTHER": 0,
        "HUMAN": 0
    },
    "windows": [
        {
            "text": "This paper introduces a method for creating arithmetic circuits (ACs) in graphical models by utilizing the multiplication of Probabilistic Sentential Decision Diagram (PSDD) which establishes a unique link between arithmetic circuits and PSDDs. The results obtained in terms of compilation sizes and times using this PSDD approach highlight enhancements compared to existing compilers; thus emphasizing the effectiveness and straightforwardness of this novel technique in constructing ACs. The paper is very well written. I believe it deserves acceptance, with just some minor adjustments needed.  \nA possible improvement could involve revisiting the title to represent the main advancements made in the paper. For instance; \"Streamlined Arithmetic Circuit Compilation, for Graphical Models using PSDD Multiplication \" a title that concisely encapsulates the key innovations of the research.  \nWhen we talk about terminology in this context; lets think about whether PSDD could fit under the category of Algebraic Sentential Decision Diagram (ASDD) considering its connection to Sentential Decision Diagram (SDD). What makes this interesting is that the numerical values in PSDD add up to one. A similarity we see between Binary Decision Diagram (BDD) and Algebraic Decision Diagram (ADD). This idea stems from the comparison, between factors and probabilities. Suggests that ASDD might be a better term to cover all aspects of these diagrams. \nThe first theorem suggests that having both decomposability and determinism is important, for making inference efficient potentially resulting in a linear time complexity based on the size of the AC (Algorithm Configuration). It would be helpful if the authors could clarify why lacking these properties makes inference more challenging to handle. There appears to be a misunderstanding that any AC representation of a model automatically enables linear time inference based solely on the size of the AC. If this misunderstanding is true it brings up the query of whether a simple PSDD multiplication method that doesn't maintain decomposability and determinism can lead to effective inference, in the resulting AC system. \nIn Algorithm 1 of the document provided there seems to be a lack of details regarding the cache described in line 19. It would be beneficial to clarify whether this cache is designed with the assumption that all subcircuits are cached recursively and thus maintain an ID for all PSDD structures (in a manner similar to ADD structures). This clarification is essential, for grasping the execution of the Multiply algorithm. \nSection 6 of the discussion,",
            "ai_likelihood": 1.304679446750217e-05,
            "prediction": "Unlikely AI",
            "llm_prediction": {
                "GPT35": 0.0,
                "GPT4": 0.0,
                "CLAUDE": 0.0,
                "GOOGLE": 0.0,
                "OPENAI_O_SERIES": 0.0,
                "DEEPSEEK": 0.0,
                "GROK": 0.0,
                "NOVA": 0.0,
                "OTHER": 0.0,
                "HUMAN": 0.0
            },
            "metadata": {
                "request_id": "f00ab60c-08f9-42ba-a250-472f25bc68c2"
            },
            "start_index": 0,
            "end_index": 2621
        },
        {
            "text": "When we talk about terminology in this context; lets think about whether PSDD could fit under the category of Algebraic Sentential Decision Diagram (ASDD) considering its connection to Sentential Decision Diagram (SDD). What makes this interesting is that the numerical values in PSDD add up to one. A similarity we see between Binary Decision Diagram (BDD) and Algebraic Decision Diagram (ADD). This idea stems from the comparison, between factors and probabilities. Suggests that ASDD might be a better term to cover all aspects of these diagrams. \nThe first theorem suggests that having both decomposability and determinism is important, for making inference efficient potentially resulting in a linear time complexity based on the size of the AC (Algorithm Configuration). It would be helpful if the authors could clarify why lacking these properties makes inference more challenging to handle. There appears to be a misunderstanding that any AC representation of a model automatically enables linear time inference based solely on the size of the AC. If this misunderstanding is true it brings up the query of whether a simple PSDD multiplication method that doesn't maintain decomposability and determinism can lead to effective inference, in the resulting AC system. \nIn Algorithm 1 of the document provided there seems to be a lack of details regarding the cache described in line 19. It would be beneficial to clarify whether this cache is designed with the assumption that all subcircuits are cached recursively and thus maintain an ID for all PSDD structures (in a manner similar to ADD structures). This clarification is essential, for grasping the execution of the Multiply algorithm. \nSection 6 of the discussion, about AOMDDS doesn't clearly differentiate between PSDDS and AOMDDS so it would be helpful for the authors to explain these distinctions more to help readers better understand the manuscripts contributions. ",
            "ai_likelihood": 3.2948123084174265e-05,
            "prediction": "Unlikely AI",
            "llm_prediction": {
                "GPT35": 0.0,
                "GPT4": 0.0,
                "CLAUDE": 0.0,
                "GOOGLE": 0.0,
                "OPENAI_O_SERIES": 0.0,
                "DEEPSEEK": 0.0,
                "GROK": 0.0,
                "NOVA": 0.0,
                "OTHER": 0.0,
                "HUMAN": 0.0
            },
            "metadata": {
                "request_id": "f00ab60c-08f9-42ba-a250-472f25bc68c2"
            },
            "start_index": 894,
            "end_index": 2829
        }
    ],
    "window_likelihoods": [
        1.304679446750217e-05,
        3.2948123084174265e-05
    ],
    "window_indices": [
        [
            0,
            2621
        ],
        [
            894,
            2829
        ]
    ],
    "max_chunk_length": 200,
    "min_chunk_length": 160,
    "num_chunks_per_window": 3,
    "metadata": {
        "request_id": "f00ab60c-08f9-42ba-a250-472f25bc68c2"
    }
}