{
    "text": "This paper suggests an improvement to Long Short Term Memory (LSTM) networks, by adding a \"time gate,\" which is controlled based on time and learned parameters independently for each LSTM cells time gate mechanism that keeps the cell unchanged when closed\u2014an innovative approach worth noting.  \nIn terms of technology perspective\u0301\u00b8 two important factors should be taken into account;  \nThe way the time gate is currently formulated may not be the approach, in this context.It might be better to consider defining the time gate as a function that changes continuously over time. For example No need to make it too complicated.Just keep it simple and straightforward.#HumanTouch\nAnalyzing the models performance on a speech recognition test could offer insights, into its abilities. \nThe paper stands out for exploring asynchronous event processing in a way that is worth recognizing as a valuable addition to the field of study. The findings have the potential to spark research and suggestions for enhancement due to their meaningful influence. The outcomes reveal enhancements, in the tasks that were tackled.  \nHowever we need to make it clear if the claimed twenty fold decrease in runtime computing expensess merely a concept or if its backed by real world hardware tests since this differentiation greatly impacts the feasibility of implementing the suggested improvement, in practice. ",
    "ai_likelihood": 0.0013669331868489585,
    "avg_ai_likelihood": 0.0013669331868489585,
    "max_ai_likelihood": 0.0013669331868489585,
    "prediction": "Unlikely AI",
    "fraction_ai_content": 0.0,
    "llm_prediction": {
        "GPT35": 0,
        "GPT4": 0,
        "CLAUDE": 0,
        "GOOGLE": 0,
        "OPENAI_O_SERIES": 0,
        "DEEPSEEK": 0,
        "GROK": 0,
        "NOVA": 0,
        "OTHER": 0,
        "HUMAN": 0
    },
    "windows": [
        {
            "text": "This paper suggests an improvement to Long Short Term Memory (LSTM) networks, by adding a \"time gate,\" which is controlled based on time and learned parameters independently for each LSTM cells time gate mechanism that keeps the cell unchanged when closed\u2014an innovative approach worth noting.  \nIn terms of technology perspective\u0301\u00b8 two important factors should be taken into account;  \nThe way the time gate is currently formulated may not be the approach, in this context.It might be better to consider defining the time gate as a function that changes continuously over time. For example No need to make it too complicated.Just keep it simple and straightforward.#HumanTouch\nAnalyzing the models performance on a speech recognition test could offer insights, into its abilities. \nThe paper stands out for exploring asynchronous event processing in a way that is worth recognizing as a valuable addition to the field of study. The findings have the potential to spark research and suggestions for enhancement due to their meaningful influence. The outcomes reveal enhancements, in the tasks that were tackled.  \nHowever we need to make it clear if the claimed twenty fold decrease in runtime computing expensess merely a concept or if its backed by real world hardware tests since this differentiation greatly impacts the feasibility of implementing the suggested improvement, in practice. ",
            "ai_likelihood": 0.0013669331868489585,
            "prediction": "Unlikely AI",
            "llm_prediction": {
                "GPT35": 0.0,
                "GPT4": 0.0,
                "CLAUDE": 0.0,
                "GOOGLE": 0.0,
                "OPENAI_O_SERIES": 0.0,
                "DEEPSEEK": 0.0,
                "GROK": 0.0,
                "NOVA": 0.0,
                "OTHER": 0.0,
                "HUMAN": 0.0
            },
            "metadata": {
                "request_id": "a529360a-2d6c-4294-a31c-ecf295c4fdab"
            },
            "start_index": 0,
            "end_index": 1391
        }
    ],
    "window_likelihoods": [
        0.0013669331868489585
    ],
    "window_indices": [
        [
            0,
            1391
        ]
    ],
    "max_chunk_length": 200,
    "min_chunk_length": 160,
    "num_chunks_per_window": 3,
    "metadata": {
        "request_id": "a529360a-2d6c-4294-a31c-ecf295c4fdab"
    }
}