{
    "text": "This study introduces a method for reducing dimensions by connecting Support Vector Machines (SVMs) and boosting through a margin based duality concept as a fundamental approach.The researchers introduce the LADDER algorithm as a method aimed at achieving a discriminant space with minimal dimensions.Experimentation in the paper is. The discussion on the sign domain is relevant and adds value to the topic, at hand. A helpful tip, for enhancing the quality of the manuscript would be for the writers to make use of a spell check tool to fix the errors scattered in the text and elevate its clarity and polished appearance. ",
    "ai_likelihood": 1.4172659979926217e-05,
    "avg_ai_likelihood": 1.4172659979926217e-05,
    "max_ai_likelihood": 1.4172659979926217e-05,
    "prediction": "Unlikely AI",
    "fraction_ai_content": 0.0,
    "llm_prediction": {
        "GPT35": 0,
        "GPT4": 0,
        "CLAUDE": 0,
        "GOOGLE": 0,
        "OPENAI_O_SERIES": 0,
        "DEEPSEEK": 0,
        "GROK": 0,
        "NOVA": 0,
        "OTHER": 0,
        "HUMAN": 0
    },
    "windows": [
        {
            "text": "This study introduces a method for reducing dimensions by connecting Support Vector Machines (SVMs) and boosting through a margin based duality concept as a fundamental approach.The researchers introduce the LADDER algorithm as a method aimed at achieving a discriminant space with minimal dimensions.Experimentation in the paper is. The discussion on the sign domain is relevant and adds value to the topic, at hand. A helpful tip, for enhancing the quality of the manuscript would be for the writers to make use of a spell check tool to fix the errors scattered in the text and elevate its clarity and polished appearance. ",
            "ai_likelihood": 1.4172659979926217e-05,
            "prediction": "Unlikely AI",
            "llm_prediction": {
                "GPT35": 0.0,
                "GPT4": 0.0,
                "CLAUDE": 0.0,
                "GOOGLE": 0.0,
                "OPENAI_O_SERIES": 0.0,
                "DEEPSEEK": 0.0,
                "GROK": 0.0,
                "NOVA": 0.0,
                "OTHER": 0.0,
                "HUMAN": 0.0
            },
            "metadata": {
                "request_id": "405943fa-1dc1-4cb7-80ff-375f67229e7f"
            },
            "start_index": 0,
            "end_index": 625
        }
    ],
    "window_likelihoods": [
        1.4172659979926217e-05
    ],
    "window_indices": [
        [
            0,
            625
        ]
    ],
    "max_chunk_length": 200,
    "min_chunk_length": 160,
    "num_chunks_per_window": 3,
    "metadata": {
        "request_id": "405943fa-1dc1-4cb7-80ff-375f67229e7f"
    }
}