{
    "text": "This document introduces a study that explores rapid learning rates for open ended areas using loss functions with heavy tails under certain conditions outlined by the authors.The manuscript includes a method to validate the scale Bernstein condition in real world situations; however the condition concerning polynomial entropy boundaries, for the hypothesis class is more intricate and requires further exploration based on the discussion provided. The latest discovery in losses resonates with the cutting edge research of Mehta and Williamson from 2014.The evidence builds upon recent advancements made by Lederer and colleagues in 2014 to set limits on the highest points of practical unbounded procedures.Furthermore the document showcases an use for k means clustering when dealing with data distributions that have heavy tails.The paper seems to be solid, from a standpoint and adds value to the subject area. Could you please explain in detail how strict the polynomial entropy boundedness condition is and whether the outcomes could potentially apply to situations, beyond this condition? ",
    "ai_likelihood": 6.7551930745442706e-06,
    "avg_ai_likelihood": 6.7551930745442706e-06,
    "max_ai_likelihood": 6.755193074544271e-06,
    "prediction": "Unlikely AI",
    "fraction_ai_content": 0.0,
    "llm_prediction": {
        "GPT35": 0,
        "GPT4": 0,
        "CLAUDE": 0,
        "GOOGLE": 0,
        "OPENAI_O_SERIES": 0,
        "DEEPSEEK": 0,
        "GROK": 0,
        "NOVA": 0,
        "OTHER": 0,
        "HUMAN": 0
    },
    "windows": [
        {
            "text": "This document introduces a study that explores rapid learning rates for open ended areas using loss functions with heavy tails under certain conditions outlined by the authors.The manuscript includes a method to validate the scale Bernstein condition in real world situations; however the condition concerning polynomial entropy boundaries, for the hypothesis class is more intricate and requires further exploration based on the discussion provided. The latest discovery in losses resonates with the cutting edge research of Mehta and Williamson from 2014.The evidence builds upon recent advancements made by Lederer and colleagues in 2014 to set limits on the highest points of practical unbounded procedures.Furthermore the document showcases an use for k means clustering when dealing with data distributions that have heavy tails.The paper seems to be solid, from a standpoint and adds value to the subject area. Could you please explain in detail how strict the polynomial entropy boundedness condition is and whether the outcomes could potentially apply to situations, beyond this condition? ",
            "ai_likelihood": 6.755193074544271e-06,
            "prediction": "Unlikely AI",
            "llm_prediction": {
                "GPT35": 0.0,
                "GPT4": 0.0,
                "CLAUDE": 0.0,
                "GOOGLE": 0.0,
                "OPENAI_O_SERIES": 0.0,
                "DEEPSEEK": 0.0,
                "GROK": 0.0,
                "NOVA": 0.0,
                "OTHER": 0.0,
                "HUMAN": 0.0
            },
            "metadata": {
                "request_id": "ce9778ea-8d41-45f5-8261-945de0579b5b"
            },
            "start_index": 0,
            "end_index": 1099
        }
    ],
    "window_likelihoods": [
        6.755193074544271e-06
    ],
    "window_indices": [
        [
            0,
            1099
        ]
    ],
    "max_chunk_length": 200,
    "min_chunk_length": 160,
    "num_chunks_per_window": 3,
    "metadata": {
        "request_id": "ce9778ea-8d41-45f5-8261-945de0579b5b"
    }
}