{
    "text": "This document suggests an initial assumption for Bayesian non parametric clustering that works better in scenarios where the size of clusters doesn't grow in line with the amount of data points present. A departure from the underlying \"rich gets richer\" assumption seen in Dirichlet Process (DP) and similar priors.The authors have specifically outlined how cluster sizes are distributed within this process and have introduced two variations that employ various distribution forms, over cluster sizes. In the appendix section of the paper they also offer a Gibbs sampling algorithm and a split and merge algorithm for comparison with DP and the Pitman Yor Process (known as PYP). They delve into datasets to tackle a crucial problem in Bayesian non parametric (BNF) introducing an interesting prior, along the way.However setbacks have been identified well;  \nThe authors recognize the study mentioned in reference [13] which addresses an issue by proposing a uniform prior instead of the \"rich gets richer\" prior found in DP and PYP models leading to more clusters being formed. However the paper falls short in providing a comparison, with reference [13] and does not explore the specifics of how their research connects with or differs from reference [13] regarding the characteristics of the resulting aside from briefly mentioning it. \nThe consequences of giving up consistency to attain the clustering feature are not fully explored and neither is a comparison drawn with relinquishing exchangeability as illustrated in [13] which could offer valuable perspective into the compromises at play. \nThe test outcomes are not definitive since its uncertain if any enhancements hold importance.The efficiency of the updated procedures doesn't completely overshadow that of ones in all aspects; this leads to doubts, about their efficacy. \nThe text can be a bit tricky to grasp for readers in the subject area because of the heavy reliance, on symbols; making it clearer and simpler would improve how easily readers can understand and engage with the content. ",
    "ai_likelihood": 0.04614935980902778,
    "avg_ai_likelihood": 0.04614935980902778,
    "max_ai_likelihood": 0.04614935980902778,
    "prediction": "Unlikely AI",
    "fraction_ai_content": 0.0,
    "llm_prediction": {
        "GPT35": 0,
        "GPT4": 0,
        "CLAUDE": 0,
        "GOOGLE": 0,
        "OPENAI_O_SERIES": 0,
        "DEEPSEEK": 0,
        "GROK": 0,
        "NOVA": 0,
        "OTHER": 0,
        "HUMAN": 0
    },
    "windows": [
        {
            "text": "This document suggests an initial assumption for Bayesian non parametric clustering that works better in scenarios where the size of clusters doesn't grow in line with the amount of data points present. A departure from the underlying \"rich gets richer\" assumption seen in Dirichlet Process (DP) and similar priors.The authors have specifically outlined how cluster sizes are distributed within this process and have introduced two variations that employ various distribution forms, over cluster sizes. In the appendix section of the paper they also offer a Gibbs sampling algorithm and a split and merge algorithm for comparison with DP and the Pitman Yor Process (known as PYP). They delve into datasets to tackle a crucial problem in Bayesian non parametric (BNF) introducing an interesting prior, along the way.However setbacks have been identified well;  \nThe authors recognize the study mentioned in reference [13] which addresses an issue by proposing a uniform prior instead of the \"rich gets richer\" prior found in DP and PYP models leading to more clusters being formed. However the paper falls short in providing a comparison, with reference [13] and does not explore the specifics of how their research connects with or differs from reference [13] regarding the characteristics of the resulting aside from briefly mentioning it. \nThe consequences of giving up consistency to attain the clustering feature are not fully explored and neither is a comparison drawn with relinquishing exchangeability as illustrated in [13] which could offer valuable perspective into the compromises at play. \nThe test outcomes are not definitive since its uncertain if any enhancements hold importance.The efficiency of the updated procedures doesn't completely overshadow that of ones in all aspects; this leads to doubts, about their efficacy. \nThe text can be a bit tricky to grasp for readers in the subject area because of the heavy reliance, on symbols; making it clearer and simpler would improve how easily readers can understand and engage with the content. ",
            "ai_likelihood": 0.04614935980902778,
            "prediction": "Unlikely AI",
            "llm_prediction": {
                "GPT35": 0.0,
                "GPT4": 0.0,
                "CLAUDE": 0.0,
                "GOOGLE": 0.0,
                "OPENAI_O_SERIES": 0.0,
                "DEEPSEEK": 0.0,
                "GROK": 0.0,
                "NOVA": 0.0,
                "OTHER": 0.0,
                "HUMAN": 0.0
            },
            "metadata": {
                "request_id": "b76c7242-fe51-478a-870f-687278d30a80"
            },
            "start_index": 0,
            "end_index": 2060
        }
    ],
    "window_likelihoods": [
        0.04614935980902778
    ],
    "window_indices": [
        [
            0,
            2060
        ]
    ],
    "max_chunk_length": 200,
    "min_chunk_length": 160,
    "num_chunks_per_window": 3,
    "metadata": {
        "request_id": "b76c7242-fe51-478a-870f-687278d30a80"
    }
}