{
    "text": "The writers of this paper suggest a method, for Approximate Bayesian Computation (ABC) that differs from traditional Monte Carlo methods by using Bayesian density estimation to directly approximate the posterior distribution analytically instead of computationally simulating it like with ABC and variational inference in previous studies [1]. The paper is well organized and easy to understand for experts without being overly complicated. Expanding upon studies findings and insights is a central theme explored in Proposition 1 in a well crafted manner in the paper. Particularly evident in the careful selection of the initial proposal and the subsequent estimation of the posterior approximation. Moreover there are fresh ideas presented such as the extension of Mixture Density Networks (MDNs) into Stochastic Variational Inference (SVI). However further enrichment of the discussion could be achieved by incorporating pertinent research related to utilizing SVI along, with ABC methods as mentioned in reference [1]. The paper may not have a theoretical groundwork beyond the asymptotic rationale outlined in Proposition 1; however this is considered satisfactory given the limitations of the NIPS format.The experimental outcomes provide a rounded blend of simple instances and intricate datasets that are explained coherently.The authors adeptly differentiate between the impacts of choosing proposal distributions and estimating posteriors.Although the graphs take into account sample size it may be more suitable to use a different measure such as actual CPU time since, in this context samples are computational entities. ",
    "ai_likelihood": 7.947285970052084e-07,
    "avg_ai_likelihood": 7.947285970052084e-07,
    "max_ai_likelihood": 7.947285970052084e-07,
    "prediction": "Unlikely AI",
    "fraction_ai_content": 0.0,
    "llm_prediction": {
        "GPT35": 0,
        "GPT4": 0,
        "CLAUDE": 0,
        "GOOGLE": 0,
        "OPENAI_O_SERIES": 0,
        "DEEPSEEK": 0,
        "GROK": 0,
        "NOVA": 0,
        "OTHER": 0,
        "HUMAN": 0
    },
    "windows": [
        {
            "text": "The writers of this paper suggest a method, for Approximate Bayesian Computation (ABC) that differs from traditional Monte Carlo methods by using Bayesian density estimation to directly approximate the posterior distribution analytically instead of computationally simulating it like with ABC and variational inference in previous studies [1]. The paper is well organized and easy to understand for experts without being overly complicated. Expanding upon studies findings and insights is a central theme explored in Proposition 1 in a well crafted manner in the paper. Particularly evident in the careful selection of the initial proposal and the subsequent estimation of the posterior approximation. Moreover there are fresh ideas presented such as the extension of Mixture Density Networks (MDNs) into Stochastic Variational Inference (SVI). However further enrichment of the discussion could be achieved by incorporating pertinent research related to utilizing SVI along, with ABC methods as mentioned in reference [1]. The paper may not have a theoretical groundwork beyond the asymptotic rationale outlined in Proposition 1; however this is considered satisfactory given the limitations of the NIPS format.The experimental outcomes provide a rounded blend of simple instances and intricate datasets that are explained coherently.The authors adeptly differentiate between the impacts of choosing proposal distributions and estimating posteriors.Although the graphs take into account sample size it may be more suitable to use a different measure such as actual CPU time since, in this context samples are computational entities. ",
            "ai_likelihood": 7.947285970052084e-07,
            "prediction": "Unlikely AI",
            "llm_prediction": {
                "GPT35": 0.0,
                "GPT4": 0.0,
                "CLAUDE": 0.0,
                "GOOGLE": 0.0,
                "OPENAI_O_SERIES": 0.0,
                "DEEPSEEK": 0.0,
                "GROK": 0.0,
                "NOVA": 0.0,
                "OTHER": 0.0,
                "HUMAN": 0.0
            },
            "metadata": {
                "request_id": "08b17496-e720-4939-bd37-459e33e97593"
            },
            "start_index": 0,
            "end_index": 1634
        }
    ],
    "window_likelihoods": [
        7.947285970052084e-07
    ],
    "window_indices": [
        [
            0,
            1634
        ]
    ],
    "max_chunk_length": 200,
    "min_chunk_length": 160,
    "num_chunks_per_window": 3,
    "metadata": {
        "request_id": "08b17496-e720-4939-bd37-459e33e97593"
    }
}