{
    "text": "This research explores how a population EM algorithm behaves when dealing with examples of mixtures of Gaussian distributions and pays close attention to the initial starting points used in the process.The authors show that a sample based EM algorithm displays long term characteristics as the population EM algorithm when starting from the same initial conditions.The study focuses on evaluating the performance of the EM algorithm in two models involving mixtures of two Gaussian distributions and offers a detailed examination of how it operates in this scenario. The results are quite interesting as they cover all the scenarios and provide a comprehensive insight into how well the EM algorithm performs in this particular situation. One point of critique is that the proofs seem to be overly long for a paper that focuses only one model. However; since even basic combinations of two components are not completely understood yet; this study adds valuable knowledge to the field and I am leaning towards endorsing its acceptance, at NIPS. ",
    "ai_likelihood": 1.986821492513021e-06,
    "avg_ai_likelihood": 1.986821492513021e-06,
    "max_ai_likelihood": 1.986821492513021e-06,
    "prediction": "Unlikely AI",
    "fraction_ai_content": 0.0,
    "llm_prediction": {
        "GPT35": 0,
        "GPT4": 0,
        "CLAUDE": 0,
        "GOOGLE": 0,
        "OPENAI_O_SERIES": 0,
        "DEEPSEEK": 0,
        "GROK": 0,
        "NOVA": 0,
        "OTHER": 0,
        "HUMAN": 0
    },
    "windows": [
        {
            "text": "This research explores how a population EM algorithm behaves when dealing with examples of mixtures of Gaussian distributions and pays close attention to the initial starting points used in the process.The authors show that a sample based EM algorithm displays long term characteristics as the population EM algorithm when starting from the same initial conditions.The study focuses on evaluating the performance of the EM algorithm in two models involving mixtures of two Gaussian distributions and offers a detailed examination of how it operates in this scenario. The results are quite interesting as they cover all the scenarios and provide a comprehensive insight into how well the EM algorithm performs in this particular situation. One point of critique is that the proofs seem to be overly long for a paper that focuses only one model. However; since even basic combinations of two components are not completely understood yet; this study adds valuable knowledge to the field and I am leaning towards endorsing its acceptance, at NIPS. ",
            "ai_likelihood": 1.986821492513021e-06,
            "prediction": "Unlikely AI",
            "llm_prediction": {
                "GPT35": 0.0,
                "GPT4": 0.0,
                "CLAUDE": 0.0,
                "GOOGLE": 0.0,
                "OPENAI_O_SERIES": 0.0,
                "DEEPSEEK": 0.0,
                "GROK": 0.0,
                "NOVA": 0.0,
                "OTHER": 0.0,
                "HUMAN": 0.0
            },
            "metadata": {
                "request_id": "d97ba3a5-3d3e-435a-9af9-9d9459c4daf0"
            },
            "start_index": 0,
            "end_index": 1044
        }
    ],
    "window_likelihoods": [
        1.986821492513021e-06
    ],
    "window_indices": [
        [
            0,
            1044
        ]
    ],
    "max_chunk_length": 200,
    "min_chunk_length": 160,
    "num_chunks_per_window": 3,
    "metadata": {
        "request_id": "d97ba3a5-3d3e-435a-9af9-9d9459c4daf0"
    }
}