{
    "text": "This paper explores the factors that help synchronize points in a standardized issue with a fourth dimensional element, with the best outcomes of resolving matrix issues smoothly and efficiently in my view. This is the best piece I've had the chance to review this year because it provides a clear and well planned presentation of an important discovery while fitting it seamlessly into the context of recent related studies.\" These findings have caught my interest as they could possibly apply to groups with spread components like the ones mentioned in a study found at http;//arxiv.org./abs1408 2467'. The paper seems similar to a recent research piece that can be accessed at http;//arxiv.org./abs1605 08101'. Despite the submission deadlines overlapping each others timeframe it shouldn't cause any problems to acknowledge and reference this work, for added value. My feedback is mostly minor. Involves some suggestions for improvement. Capitalize the \"f' in \" Frobenius \" consider rephrasing \"our attention'' in line 229 for better clarity and remove the unnecessary plural suffix from the phrase \"nice properties that ensure'', in line 251. ",
    "ai_likelihood": 9.934107462565105e-08,
    "avg_ai_likelihood": 9.934107462565105e-08,
    "max_ai_likelihood": 9.934107462565105e-08,
    "prediction": "Unlikely AI",
    "fraction_ai_content": 0.0,
    "llm_prediction": {
        "GPT35": 0,
        "GPT4": 0,
        "CLAUDE": 0,
        "GOOGLE": 0,
        "OPENAI_O_SERIES": 0,
        "DEEPSEEK": 0,
        "GROK": 0,
        "NOVA": 0,
        "OTHER": 0,
        "HUMAN": 0
    },
    "windows": [
        {
            "text": "This paper explores the factors that help synchronize points in a standardized issue with a fourth dimensional element, with the best outcomes of resolving matrix issues smoothly and efficiently in my view. This is the best piece I've had the chance to review this year because it provides a clear and well planned presentation of an important discovery while fitting it seamlessly into the context of recent related studies.\" These findings have caught my interest as they could possibly apply to groups with spread components like the ones mentioned in a study found at http;//arxiv.org./abs1408 2467'. The paper seems similar to a recent research piece that can be accessed at http;//arxiv.org./abs1605 08101'. Despite the submission deadlines overlapping each others timeframe it shouldn't cause any problems to acknowledge and reference this work, for added value. My feedback is mostly minor. Involves some suggestions for improvement. Capitalize the \"f' in \" Frobenius \" consider rephrasing \"our attention'' in line 229 for better clarity and remove the unnecessary plural suffix from the phrase \"nice properties that ensure'', in line 251. ",
            "ai_likelihood": 9.934107462565105e-08,
            "prediction": "Unlikely AI",
            "llm_prediction": {
                "GPT35": 0.0,
                "GPT4": 0.0,
                "CLAUDE": 0.0,
                "GOOGLE": 0.0,
                "OPENAI_O_SERIES": 0.0,
                "DEEPSEEK": 0.0,
                "GROK": 0.0,
                "NOVA": 0.0,
                "OTHER": 0.0,
                "HUMAN": 0.0
            },
            "metadata": {
                "request_id": "b1bf3eca-c21d-4a0e-b5e3-245c50548710"
            },
            "start_index": 0,
            "end_index": 1148
        }
    ],
    "window_likelihoods": [
        9.934107462565105e-08
    ],
    "window_indices": [
        [
            0,
            1148
        ]
    ],
    "max_chunk_length": 200,
    "min_chunk_length": 160,
    "num_chunks_per_window": 3,
    "metadata": {
        "request_id": "b1bf3eca-c21d-4a0e-b5e3-245c50548710"
    }
}